2026-04-24 04:31:29,774 [Worker-1: Loading available Gradle versions] INFO  o.e.b.c.i.u.g.PublishedGradleVersions - Gradle version information cache is not available. Remote download required.
2026-04-24 04:37:34,930 [Worker-5: Creating project "ImportOrderSystem"] INFO  o.e.m.c.i.l.LifecycleMappingFactory - Using org.eclipse.m2e.jdt.JarLifecycleMapping lifecycle mapping for MavenProject: com.importorder:ImportOrderSystem:1.0-SNAPSHOT @ D:\Projects\ImportOrderSystem\ImportOrderSystem\pom.xml.
2026-04-24 04:37:35,467 [Worker-5: Creating project "ImportOrderSystem"] INFO  o.e.m.j.i.AbstractJavaProjectConfigurator - Adding source folder /ImportOrderSystem/src/main/java
2026-04-24 04:37:35,470 [Worker-5: Creating project "ImportOrderSystem"] INFO  o.e.m.j.i.AbstractJavaProjectConfigurator - Adding resource folder /ImportOrderSystem/src/main/resources
2026-04-24 04:37:35,472 [Worker-5: Creating project "ImportOrderSystem"] INFO  o.e.m.j.i.AbstractJavaProjectConfigurator - Adding source folder /ImportOrderSystem/src/test/java
2026-04-24 04:37:35,472 [Worker-5: Creating project "ImportOrderSystem"] INFO  o.e.m.j.i.AbstractJavaProjectConfigurator - Adding resource folder /ImportOrderSystem/src/test/resources
2026-04-24 04:37:36,906 [Worker-26: Building] WARN  o.a.m.s.f.DefaultMavenResourcesFiltering - Using platform encoding (UTF-8 actually) to copy filtered resources, i.e. build is platform dependent!
2026-04-24 04:37:36,919 [Worker-26: Building] INFO  o.a.m.s.f.DefaultMavenResourcesFiltering - Copying 0 resource from src\main\resources to target\classes
2026-04-24 04:37:36,923 [Worker-26: Building] WARN  o.a.m.s.f.DefaultMavenResourcesFiltering - Using platform encoding (UTF-8 actually) to copy filtered resources, i.e. build is platform dependent!
2026-04-24 04:37:36,925 [Worker-26: Building] INFO  o.a.m.s.f.DefaultMavenResourcesFiltering - Copying 0 resource from src\test\resources to target\test-classes
2026-04-24 04:39:55,632 [Worker-34: Building] INFO  o.e.m.c.i.l.LifecycleMappingFactory - Using org.eclipse.m2e.jdt.JarLifecycleMapping lifecycle mapping for MavenProject: com.importorder:ImportOrderSystem:1.0-SNAPSHOT @ D:\Projects\ImportOrderSystem\ImportOrderSystem\pom.xml.
2026-04-24 04:39:56,031 [Worker-34: Building] INFO  o.e.m.c.i.e.AbstractTransferListenerAdapter - Downloading https://repo.maven.apache.org/maven2/org/openjfx/javafx-controls/21/javafx-controls-21.pom
2026-04-24 04:39:56,042 [Worker-34: Building] INFO  o.e.m.c.i.e.AbstractTransferListenerAdapter - Downloaded https://repo.maven.apache.org/maven2/org/openjfx/javafx-controls/21/javafx-controls-21.pom
2026-04-24 04:39:56,091 [Worker-34: Building] INFO  o.e.m.c.i.e.AbstractTransferListenerAdapter - Downloading https://repo.maven.apache.org/maven2/org/openjfx/javafx/21/javafx-21.pom
2026-04-24 04:39:56,096 [Worker-34: Building] INFO  o.e.m.c.i.e.AbstractTransferListenerAdapter - Downloaded https://repo.maven.apache.org/maven2/org/openjfx/javafx/21/javafx-21.pom
2026-04-24 04:39:56,103 [Worker-34: Building] WARN  o.a.m.r.i.DefaultArtifactDescriptorReader - 6 problems were encountered while building the effective model for org.openjfx:javafx-controls:jar:21 during dependency collection step for project (use -X to see details)
2026-04-24 04:39:56,146 [Worker-34: Building] INFO  o.e.m.c.i.e.AbstractTransferListenerAdapter - Downloading https://repo.maven.apache.org/maven2/org/openjfx/javafx-graphics/21/javafx-graphics-21.pom
2026-04-24 04:39:56,150 [Worker-34: Building] INFO  o.e.m.c.i.e.AbstractTransferListenerAdapter - Downloaded https://repo.maven.apache.org/maven2/org/openjfx/javafx-graphics/21/javafx-graphics-21.pom
2026-04-24 04:39:56,197 [Worker-34: Building] INFO  o.e.m.c.i.e.AbstractTransferListenerAdapter - Downloading https://repo.maven.apache.org/maven2/org/openjfx/javafx-base/21/javafx-base-21.pom
2026-04-24 04:39:56,201 [Worker-34: Building] INFO  o.e.m.c.i.e.AbstractTransferListenerAdapter - Downloaded https://repo.maven.apache.org/maven2/org/openjfx/javafx-base/21/javafx-base-21.pom
2026-04-24 04:39:56,245 [Worker-34: Building] INFO  o.e.m.c.i.e.AbstractTransferListenerAdapter - Downloading https://repo.maven.apache.org/maven2/org/openjfx/javafx-fxml/21/javafx-fxml-21.pom
2026-04-24 04:39:56,250 [Worker-34: Building] INFO  o.e.m.c.i.e.AbstractTransferListenerAdapter - Downloaded https://repo.maven.apache.org/maven2/org/openjfx/javafx-fxml/21/javafx-fxml-21.pom
2026-04-24 04:39:56,300 [Worker-34: Building] INFO  o.e.m.c.i.e.AbstractTransferListenerAdapter - Downloading https://repo.maven.apache.org/maven2/org/mongodb/mongodb-driver-sync/4.11.0/mongodb-driver-sync-4.11.0.pom
2026-04-24 04:39:56,304 [Worker-34: Building] INFO  o.e.m.c.i.e.AbstractTransferListenerAdapter - Downloaded https://repo.maven.apache.org/maven2/org/mongodb/mongodb-driver-sync/4.11.0/mongodb-driver-sync-4.11.0.pom
2026-04-24 04:39:56,344 [Worker-34: Building] INFO  o.e.m.c.i.e.AbstractTransferListenerAdapter - Downloading https://repo.maven.apache.org/maven2/org/mongodb/bson/4.11.0/bson-4.11.0.pom
2026-04-24 04:39:56,348 [Worker-34: Building] INFO  o.e.m.c.i.e.AbstractTransferListenerAdapter - Downloaded https://repo.maven.apache.org/maven2/org/mongodb/bson/4.11.0/bson-4.11.0.pom
2026-04-24 04:39:56,388 [Worker-34: Building] INFO  o.e.m.c.i.e.AbstractTransferListenerAdapter - Downloading https://repo.maven.apache.org/maven2/org/mongodb/mongodb-driver-core/4.11.0/mongodb-driver-core-4.11.0.pom
2026-04-24 04:39:56,393 [Worker-34: Building] INFO  o.e.m.c.i.e.AbstractTransferListenerAdapter - Downloaded https://repo.maven.apache.org/maven2/org/mongodb/mongodb-driver-core/4.11.0/mongodb-driver-core-4.11.0.pom
2026-04-24 04:39:56,433 [Worker-34: Building] INFO  o.e.m.c.i.e.AbstractTransferListenerAdapter - Downloading https://repo.maven.apache.org/maven2/io/netty/netty-bom/4.1.87.Final/netty-bom-4.1.87.Final.pom
2026-04-24 04:39:56,438 [Worker-34: Building] INFO  o.e.m.c.i.e.AbstractTransferListenerAdapter - Downloaded https://repo.maven.apache.org/maven2/io/netty/netty-bom/4.1.87.Final/netty-bom-4.1.87.Final.pom
2026-04-24 04:39:56,482 [Worker-34: Building] INFO  o.e.m.c.i.e.AbstractTransferListenerAdapter - Downloading https://repo.maven.apache.org/maven2/org/mongodb/bson-record-codec/4.11.0/bson-record-codec-4.11.0.pom
2026-04-24 04:39:56,493 [Worker-34: Building] INFO  o.e.m.c.i.e.AbstractTransferListenerAdapter - Downloaded https://repo.maven.apache.org/maven2/org/mongodb/bson-record-codec/4.11.0/bson-record-codec-4.11.0.pom
2026-04-24 04:39:56,534 [Worker-34: Building] INFO  o.e.m.c.i.e.AbstractTransferListenerAdapter - Downloading https://repo.maven.apache.org/maven2/org/mindrot/jbcrypt/0.4/jbcrypt-0.4.pom
2026-04-24 04:39:56,540 [Worker-34: Building] INFO  o.e.m.c.i.e.AbstractTransferListenerAdapter - Downloaded https://repo.maven.apache.org/maven2/org/mindrot/jbcrypt/0.4/jbcrypt-0.4.pom
2026-04-24 04:39:56,581 [Worker-34: Building] INFO  o.e.m.c.i.e.AbstractTransferListenerAdapter - Downloading https://repo.maven.apache.org/maven2/io/github/cdimascio/dotenv-java/3.0.0/dotenv-java-3.0.0.pom
2026-04-24 04:39:56,586 [Worker-34: Building] INFO  o.e.m.c.i.e.AbstractTransferListenerAdapter - Downloaded https://repo.maven.apache.org/maven2/io/github/cdimascio/dotenv-java/3.0.0/dotenv-java-3.0.0.pom
2026-04-24 04:39:56,646 [Worker-34: Building] INFO  o.e.m.c.i.e.AbstractTransferListenerAdapter - Downloading https://repo.maven.apache.org/maven2/org/openjfx/javafx-controls/21/javafx-controls-21.jar
2026-04-24 04:39:56,650 [Worker-34: Building] INFO  o.e.m.c.i.e.AbstractTransferListenerAdapter - Downloaded https://repo.maven.apache.org/maven2/org/openjfx/javafx-controls/21/javafx-controls-21.jar
2026-04-24 04:39:56,687 [BasicRepositoryConnector-repo.maven.apache.org-0-0] INFO  o.e.m.c.i.e.AbstractTransferListenerAdapter - Downloading https://repo.maven.apache.org/maven2/org/openjfx/javafx-controls/21/javafx-controls-21-win.jar
2026-04-24 04:39:56,749 [BasicRepositoryConnector-repo.maven.apache.org-0-2] INFO  o.e.m.c.i.e.AbstractTransferListenerAdapter - Downloading https://repo.maven.apache.org/maven2/org/openjfx/javafx-graphics/21/javafx-graphics-21-win.jar
2026-04-24 04:39:56,759 [BasicRepositoryConnector-repo.maven.apache.org-0-3] INFO  o.e.m.c.i.e.AbstractTransferListenerAdapter - Downloading https://repo.maven.apache.org/maven2/org/openjfx/javafx-base/21/javafx-base-21.jar
2026-04-24 04:39:56,766 [BasicRepositoryConnector-repo.maven.apache.org-0-3] INFO  o.e.m.c.i.e.AbstractTransferListenerAdapter - Downloaded https://repo.maven.apache.org/maven2/org/openjfx/javafx-base/21/javafx-base-21.jar
2026-04-24 04:39:56,768 [BasicRepositoryConnector-repo.maven.apache.org-0-4] INFO  o.e.m.c.i.e.AbstractTransferListenerAdapter - Downloading https://repo.maven.apache.org/maven2/org/openjfx/javafx-base/21/javafx-base-21-win.jar
2026-04-24 04:39:56,776 [BasicRepositoryConnector-repo.maven.apache.org-0-1] INFO  o.e.m.c.i.e.AbstractTransferListenerAdapter - Downloading https://repo.maven.apache.org/maven2/org/openjfx/javafx-graphics/21/javafx-graphics-21.jar
2026-04-24 04:39:56,783 [BasicRepositoryConnector-repo.maven.apache.org-0-1] INFO  o.e.m.c.i.e.AbstractTransferListenerAdapter - Downloaded https://repo.maven.apache.org/maven2/org/openjfx/javafx-graphics/21/javafx-graphics-21.jar
2026-04-24 04:39:56,831 [BasicRepositoryConnector-repo.maven.apache.org-0-3] INFO  o.e.m.c.i.e.AbstractTransferListenerAdapter - Downloading https://repo.maven.apache.org/maven2/org/openjfx/javafx-fxml/21/javafx-fxml-21.jar
2026-04-24 04:39:56,835 [BasicRepositoryConnector-repo.maven.apache.org-0-3] INFO  o.e.m.c.i.e.AbstractTransferListenerAdapter - Downloaded https://repo.maven.apache.org/maven2/org/openjfx/javafx-fxml/21/javafx-fxml-21.jar
2026-04-24 04:39:56,879 [BasicRepositoryConnector-repo.maven.apache.org-0-1] INFO  o.e.m.c.i.e.AbstractTransferListenerAdapter - Downloading https://repo.maven.apache.org/maven2/org/openjfx/javafx-fxml/21/javafx-fxml-21-win.jar
2026-04-24 04:39:56,915 [BasicRepositoryConnector-repo.maven.apache.org-0-3] INFO  o.e.m.c.i.e.AbstractTransferListenerAdapter - Downloading https://repo.maven.apache.org/maven2/org/mongodb/mongodb-driver-sync/4.11.0/mongodb-driver-sync-4.11.0.jar
2026-04-24 04:39:56,955 [BasicRepositoryConnector-repo.maven.apache.org-0-1] INFO  o.e.m.c.i.e.AbstractTransferListenerAdapter - Downloaded https://repo.maven.apache.org/maven2/org/openjfx/javafx-fxml/21/javafx-fxml-21-win.jar
2026-04-24 04:39:56,975 [BasicRepositoryConnector-repo.maven.apache.org-0-0] INFO  o.e.m.c.i.e.AbstractTransferListenerAdapter - Downloaded https://repo.maven.apache.org/maven2/org/openjfx/javafx-controls/21/javafx-controls-21-win.jar
2026-04-24 04:39:56,983 [BasicRepositoryConnector-repo.maven.apache.org-0-3] INFO  o.e.m.c.i.e.AbstractTransferListenerAdapter - Downloaded https://repo.maven.apache.org/maven2/org/mongodb/mongodb-driver-sync/4.11.0/mongodb-driver-sync-4.11.0.jar
2026-04-24 04:39:57,027 [BasicRepositoryConnector-repo.maven.apache.org-0-0] INFO  o.e.m.c.i.e.AbstractTransferListenerAdapter - Downloading https://repo.maven.apache.org/maven2/org/mongodb/mongodb-driver-core/4.11.0/mongodb-driver-core-4.11.0.jar
2026-04-24 04:39:57,049 [BasicRepositoryConnector-repo.maven.apache.org-0-3] INFO  o.e.m.c.i.e.AbstractTransferListenerAdapter - Downloading https://repo.maven.apache.org/maven2/org/mongodb/bson-record-codec/4.11.0/bson-record-codec-4.11.0.jar
2026-04-24 04:39:57,052 [BasicRepositoryConnector-repo.maven.apache.org-0-3] INFO  o.e.m.c.i.e.AbstractTransferListenerAdapter - Downloaded https://repo.maven.apache.org/maven2/org/mongodb/bson-record-codec/4.11.0/bson-record-codec-4.11.0.jar
2026-04-24 04:39:57,053 [BasicRepositoryConnector-repo.maven.apache.org-0-1] INFO  o.e.m.c.i.e.AbstractTransferListenerAdapter - Downloading https://repo.maven.apache.org/maven2/org/mongodb/bson/4.11.0/bson-4.11.0.jar
2026-04-24 04:39:57,125 [BasicRepositoryConnector-repo.maven.apache.org-0-4] INFO  o.e.m.c.i.e.AbstractTransferListenerAdapter - Downloaded https://repo.maven.apache.org/maven2/org/openjfx/javafx-base/21/javafx-base-21-win.jar
2026-04-24 04:39:57,161 [BasicRepositoryConnector-repo.maven.apache.org-0-3] INFO  o.e.m.c.i.e.AbstractTransferListenerAdapter - Downloading https://repo.maven.apache.org/maven2/org/mindrot/jbcrypt/0.4/jbcrypt-0.4.jar
2026-04-24 04:39:57,168 [BasicRepositoryConnector-repo.maven.apache.org-0-3] INFO  o.e.m.c.i.e.AbstractTransferListenerAdapter - Downloaded https://repo.maven.apache.org/maven2/org/mindrot/jbcrypt/0.4/jbcrypt-0.4.jar
2026-04-24 04:39:57,171 [BasicRepositoryConnector-repo.maven.apache.org-0-0] INFO  o.e.m.c.i.e.AbstractTransferListenerAdapter - Downloaded https://repo.maven.apache.org/maven2/org/mongodb/mongodb-driver-core/4.11.0/mongodb-driver-core-4.11.0.jar
2026-04-24 04:39:57,204 [BasicRepositoryConnector-repo.maven.apache.org-0-4] INFO  o.e.m.c.i.e.AbstractTransferListenerAdapter - Downloading https://repo.maven.apache.org/maven2/io/github/cdimascio/dotenv-java/3.0.0/dotenv-java-3.0.0.jar
2026-04-24 04:39:57,208 [BasicRepositoryConnector-repo.maven.apache.org-0-4] INFO  o.e.m.c.i.e.AbstractTransferListenerAdapter - Downloaded https://repo.maven.apache.org/maven2/io/github/cdimascio/dotenv-java/3.0.0/dotenv-java-3.0.0.jar
2026-04-24 04:39:57,262 [BasicRepositoryConnector-repo.maven.apache.org-0-1] INFO  o.e.m.c.i.e.AbstractTransferListenerAdapter - Downloaded https://repo.maven.apache.org/maven2/org/mongodb/bson/4.11.0/bson-4.11.0.jar
2026-04-24 04:39:58,172 [BasicRepositoryConnector-repo.maven.apache.org-0-2] INFO  o.e.m.c.i.e.AbstractTransferListenerAdapter - Downloaded https://repo.maven.apache.org/maven2/org/openjfx/javafx-graphics/21/javafx-graphics-21-win.jar
2026-04-24 04:39:58,490 [Worker-34: Building] INFO  o.a.m.s.f.DefaultMavenResourcesFiltering - Copying 0 resource from src\main\resources to target\classes
2026-04-24 04:39:58,499 [Worker-34: Building] INFO  o.a.m.s.f.DefaultMavenResourcesFiltering - Copying 0 resource from src\test\resources to target\test-classes
2026-04-24 04:39:59,438 [Worker-47: Download sources and javadoc] INFO  o.e.m.c.i.e.AbstractTransferListenerAdapter - Downloading https://repo.maven.apache.org/maven2/org/openjfx/javafx-controls/21/javafx-controls-21-sources.jar
2026-04-24 04:39:59,559 [Worker-47: Download sources and javadoc] INFO  o.e.m.c.i.e.AbstractTransferListenerAdapter - Downloaded https://repo.maven.apache.org/maven2/org/openjfx/javafx-controls/21/javafx-controls-21-sources.jar
2026-04-24 04:39:59,567 [Worker-47: Download sources and javadoc] INFO  o.e.m.j.internal.DownloadSourcesJob - Downloaded sources for org.openjfx:javafx-controls:21
2026-04-24 04:39:59,577 [Worker-47: Download sources and javadoc] INFO  o.e.m.j.internal.DownloadSourcesJob - Downloaded sources for org.openjfx:javafx-controls:21win
2026-04-24 04:39:59,709 [Worker-47: Download sources and javadoc] INFO  o.e.m.c.i.e.AbstractTransferListenerAdapter - Downloading https://repo.maven.apache.org/maven2/org/openjfx/javafx-graphics/21/javafx-graphics-21-sources.jar
2026-04-24 04:39:59,940 [Worker-47: Download sources and javadoc] INFO  o.e.m.c.i.e.AbstractTransferListenerAdapter - Downloaded https://repo.maven.apache.org/maven2/org/openjfx/javafx-graphics/21/javafx-graphics-21-sources.jar
2026-04-24 04:39:59,950 [Worker-47: Download sources and javadoc] INFO  o.e.m.j.internal.DownloadSourcesJob - Downloaded sources for org.openjfx:javafx-graphics:21
2026-04-24 04:39:59,956 [Worker-47: Download sources and javadoc] INFO  o.e.m.j.internal.DownloadSourcesJob - Downloaded sources for org.openjfx:javafx-graphics:21win
2026-04-24 04:40:00,109 [Worker-47: Download sources and javadoc] INFO  o.e.m.c.i.e.AbstractTransferListenerAdapter - Downloading https://repo.maven.apache.org/maven2/org/openjfx/javafx-base/21/javafx-base-21-sources.jar
2026-04-24 04:40:00,197 [Worker-47: Download sources and javadoc] INFO  o.e.m.c.i.e.AbstractTransferListenerAdapter - Downloaded https://repo.maven.apache.org/maven2/org/openjfx/javafx-base/21/javafx-base-21-sources.jar
2026-04-24 04:40:00,203 [Worker-47: Download sources and javadoc] INFO  o.e.m.j.internal.DownloadSourcesJob - Downloaded sources for org.openjfx:javafx-base:21
2026-04-24 04:40:00,208 [Worker-47: Download sources and javadoc] INFO  o.e.m.j.internal.DownloadSourcesJob - Downloaded sources for org.openjfx:javafx-base:21win
2026-04-24 04:40:00,329 [Worker-47: Download sources and javadoc] INFO  o.e.m.c.i.e.AbstractTransferListenerAdapter - Downloading https://repo.maven.apache.org/maven2/org/openjfx/javafx-fxml/21/javafx-fxml-21-sources.jar
2026-04-24 04:40:00,357 [Worker-47: Download sources and javadoc] INFO  o.e.m.c.i.e.AbstractTransferListenerAdapter - Downloaded https://repo.maven.apache.org/maven2/org/openjfx/javafx-fxml/21/javafx-fxml-21-sources.jar
2026-04-24 04:40:00,363 [Worker-47: Download sources and javadoc] INFO  o.e.m.j.internal.DownloadSourcesJob - Downloaded sources for org.openjfx:javafx-fxml:21
2026-04-24 04:40:00,367 [Worker-47: Download sources and javadoc] INFO  o.e.m.j.internal.DownloadSourcesJob - Downloaded sources for org.openjfx:javafx-fxml:21win
2026-04-24 04:40:00,489 [Worker-47: Download sources and javadoc] INFO  o.e.m.c.i.e.AbstractTransferListenerAdapter - Downloading https://repo.maven.apache.org/maven2/org/mongodb/mongodb-driver-sync/4.11.0/mongodb-driver-sync-4.11.0-sources.jar
2026-04-24 04:40:00,522 [Worker-47: Download sources and javadoc] INFO  o.e.m.c.i.e.AbstractTransferListenerAdapter - Downloaded https://repo.maven.apache.org/maven2/org/mongodb/mongodb-driver-sync/4.11.0/mongodb-driver-sync-4.11.0-sources.jar
2026-04-24 04:40:00,529 [Worker-47: Download sources and javadoc] INFO  o.e.m.j.internal.DownloadSourcesJob - Downloaded sources for org.mongodb:mongodb-driver-sync:4.11.0
2026-04-24 04:40:00,676 [Worker-47: Download sources and javadoc] INFO  o.e.m.c.i.e.AbstractTransferListenerAdapter - Downloading https://repo.maven.apache.org/maven2/org/mongodb/bson/4.11.0/bson-4.11.0-sources.jar
2026-04-24 04:40:00,725 [Worker-47: Download sources and javadoc] INFO  o.e.m.c.i.e.AbstractTransferListenerAdapter - Downloaded https://repo.maven.apache.org/maven2/org/mongodb/bson/4.11.0/bson-4.11.0-sources.jar
2026-04-24 04:40:00,738 [Worker-47: Download sources and javadoc] INFO  o.e.m.j.internal.DownloadSourcesJob - Downloaded sources for org.mongodb:bson:4.11.0
2026-04-24 04:40:00,951 [Worker-47: Download sources and javadoc] INFO  o.e.m.c.i.e.AbstractTransferListenerAdapter - Downloading https://repo.maven.apache.org/maven2/org/mongodb/mongodb-driver-core/4.11.0/mongodb-driver-core-4.11.0-sources.jar
2026-04-24 04:40:01,063 [Worker-47: Download sources and javadoc] INFO  o.e.m.c.i.e.AbstractTransferListenerAdapter - Downloaded https://repo.maven.apache.org/maven2/org/mongodb/mongodb-driver-core/4.11.0/mongodb-driver-core-4.11.0-sources.jar
2026-04-24 04:40:01,071 [Worker-47: Download sources and javadoc] INFO  o.e.m.j.internal.DownloadSourcesJob - Downloaded sources for org.mongodb:mongodb-driver-core:4.11.0
2026-04-24 04:40:01,191 [Worker-47: Download sources and javadoc] INFO  o.e.m.c.i.e.AbstractTransferListenerAdapter - Downloading https://repo.maven.apache.org/maven2/org/mongodb/bson-record-codec/4.11.0/bson-record-codec-4.11.0-sources.jar
2026-04-24 04:40:01,201 [Worker-47: Download sources and javadoc] INFO  o.e.m.c.i.e.AbstractTransferListenerAdapter - Downloaded https://repo.maven.apache.org/maven2/org/mongodb/bson-record-codec/4.11.0/bson-record-codec-4.11.0-sources.jar
2026-04-24 04:40:01,211 [Worker-47: Download sources and javadoc] INFO  o.e.m.j.internal.DownloadSourcesJob - Downloaded sources for org.mongodb:bson-record-codec:4.11.0
2026-04-24 04:40:01,334 [Worker-47: Download sources and javadoc] INFO  o.e.m.c.i.e.AbstractTransferListenerAdapter - Downloading https://repo.maven.apache.org/maven2/org/mindrot/jbcrypt/0.4/jbcrypt-0.4-sources.jar
2026-04-24 04:40:01,345 [Worker-47: Download sources and javadoc] INFO  o.e.m.c.i.e.AbstractTransferListenerAdapter - Downloaded https://repo.maven.apache.org/maven2/org/mindrot/jbcrypt/0.4/jbcrypt-0.4-sources.jar
2026-04-24 04:40:01,354 [Worker-47: Download sources and javadoc] INFO  o.e.m.j.internal.DownloadSourcesJob - Downloaded sources for org.mindrot:jbcrypt:0.4
2026-04-24 04:40:01,457 [Worker-47: Download sources and javadoc] INFO  o.e.m.c.i.e.AbstractTransferListenerAdapter - Downloading https://repo.maven.apache.org/maven2/io/github/cdimascio/dotenv-java/3.0.0/dotenv-java-3.0.0-sources.jar
2026-04-24 04:40:01,462 [Worker-47: Download sources and javadoc] INFO  o.e.m.c.i.e.AbstractTransferListenerAdapter - Downloaded https://repo.maven.apache.org/maven2/io/github/cdimascio/dotenv-java/3.0.0/dotenv-java-3.0.0-sources.jar
2026-04-24 04:40:01,466 [Worker-47: Download sources and javadoc] INFO  o.e.m.j.internal.DownloadSourcesJob - Downloaded sources for io.github.cdimascio:dotenv-java:3.0.0
2026-04-24 04:40:01,563 [Worker-47: Download sources and javadoc] INFO  o.e.m.c.i.e.AbstractTransferListenerAdapter - Downloading https://repo.maven.apache.org/maven2/org/projectlombok/lombok/1.18.30/lombok-1.18.30-sources.jar
2026-04-24 04:40:01,678 [Worker-47: Download sources and javadoc] INFO  o.e.m.c.i.e.AbstractTransferListenerAdapter - Downloaded https://repo.maven.apache.org/maven2/org/projectlombok/lombok/1.18.30/lombok-1.18.30-sources.jar
2026-04-24 04:40:01,683 [Worker-47: Download sources and javadoc] INFO  o.e.m.j.internal.DownloadSourcesJob - Downloaded sources for org.projectlombok:lombok:1.18.30
2026-04-24 04:40:04,559 [Worker-46: Building] INFO  o.a.m.s.f.DefaultMavenResourcesFiltering - Copying 0 resource from src\main\resources to target\classes
2026-04-24 04:40:04,562 [Worker-46: Building] INFO  o.a.m.s.f.DefaultMavenResourcesFiltering - Copying 0 resource from src\test\resources to target\test-classes
2026-04-24 04:45:45,412 [Worker-57: Updating Maven Project] INFO  o.e.m.c.i.p.ProjectConfigurationManager - Update started
2026-04-24 04:45:45,999 [Worker-57: Updating Maven Project] INFO  o.e.m.c.i.l.LifecycleMappingFactory - Using org.eclipse.m2e.jdt.JarLifecycleMapping lifecycle mapping for MavenProject: com.importorder:ImportOrderSystem:1.0-SNAPSHOT @ D:\Projects\ImportOrderSystem\ImportOrderSystem\pom.xml.
2026-04-24 04:45:46,053 [Worker-57: Updating Maven Project] WARN  o.a.m.r.i.DefaultArtifactDescriptorReader - 6 problems were encountered while building the effective model for org.openjfx:javafx-controls:jar:21 during dependency collection step for project (use -X to see details)
2026-04-24 04:45:46,413 [Worker-57: Updating Maven Project] INFO  o.e.m.j.i.AbstractJavaProjectConfigurator - Adding source folder /ImportOrderSystem/src/main/java
2026-04-24 04:45:46,416 [Worker-57: Updating Maven Project] INFO  o.e.m.j.i.AbstractJavaProjectConfigurator - Adding resource folder /ImportOrderSystem/src/main/resources
2026-04-24 04:45:46,423 [Worker-57: Updating Maven Project] INFO  o.e.m.j.i.AbstractJavaProjectConfigurator - Adding source folder /ImportOrderSystem/src/test/java
2026-04-24 04:45:46,424 [Worker-57: Updating Maven Project] INFO  o.e.m.j.i.AbstractJavaProjectConfigurator - Adding resource folder /ImportOrderSystem/src/test/resources
2026-04-24 04:45:47,524 [Worker-57: Updating Maven Project] INFO  o.e.m.c.i.p.ProjectConfigurationManager - Update completed for 1 poms: local refresh takes 0.00 sec, refresh facades takes 0.00 sec, update config takes 0.00 sec 
2026-04-24 04:45:47,813 [Worker-52: Building] INFO  o.a.m.s.f.DefaultMavenResourcesFiltering - Copying 0 resource from src\main\resources to target\classes
2026-04-24 04:45:47,838 [Worker-52: Building] INFO  o.a.m.s.f.DefaultMavenResourcesFiltering - Copying 0 resource from src\test\resources to target\test-classes
2026-04-24 23:51:29,745 [Worker-2: Loading available Gradle versions] INFO  o.e.b.c.i.u.g.PublishedGradleVersions - Gradle version information cache is up-to-date. Trying to read.
2026-04-24 23:51:31,942 [Worker-6: reload maven project] WARN  o.a.m.r.i.DefaultArtifactDescriptorReader - 6 problems were encountered while building the effective model for org.openjfx:javafx-controls:jar:21 during dependency collection step for project (use -X to see details)
2026-04-24 23:55:12,532 [ModalContext] INFO  o.b.c.a.StaticComponentContainer - (StaticComponentContainer.java:368) - Instantiated org.burningwave.core.SLF4JManagedLoggerRepository
2026-04-24 23:55:12,549 [ModalContext] INFO  o.b.c.a.StaticComponentContainer - (StaticComponentContainer.java:369) - 

	Configuration values for static components:

		background-executor.all-tasks-monitoring.enabled=\
			true
		background-executor.all-tasks-monitoring.interval=\
			30000
		background-executor.all-tasks-monitoring.logger.enabled=\
			false
		background-executor.all-tasks-monitoring.minimum-elapsed-time-to-consider-a-task-as-probable-dead-locked=\
			300000
		background-executor.all-tasks-monitoring.probable-dead-locked-tasks-handling.policy=\
			log only
		background-executor.queued-task-executor[0].name=\
			Low priority tasks
		background-executor.queued-task-executor[0].priority=\
			1
		background-executor.queued-task-executor[1].name=\
			Normal priority tasks
		background-executor.queued-task-executor[1].priority=\
			5
		background-executor.queued-task-executor[2].name=\
			High priority tasks
		background-executor.queued-task-executor[2].priority=\
			10
		background-executor.task-creation-tracking.enabled=\
			${background-executor.all-tasks-monitoring.enabled}
		banner.additonal-informations=\
			${Implementation-Title} ${Implementation-Version}
		banner.additonal-informations.retrieve-from-manifest-file-with-implementation-title=\
			Burningwave Core
		banner.file=\
			org/burningwave/banner.bwb
		banner.hide=\
			true
		buffer-handler.default-allocation-mode=\
			ByteBuffer::allocateDirect
		buffer-handler.default-buffer-size=\
			1024
		group-name-for-named-elements=\
			Burningwave
		iterable-object-helper.default-values-separator=\
			;
		iterable-object-helper.parallel-iteration.applicability.default-minimum-collection-size=\
			2
		iterable-object-helper.parallel-iteration.applicability.max-runtime-thread-count-threshold=\
			autodetect
		iterable-object-helper.parallel-iteration.applicability.output-collection-enabled-types=\
			java.util.concurrent.ConcurrentHashMap$CollectionView;\
			java.util.Collections$SynchronizedCollection;\
			java.util.concurrent.CopyOnWriteArrayList;\
			java.util.concurrent.CopyOnWriteArraySet;\
			java.util.concurrent.BlockingQueue;\
			java.util.concurrent.ConcurrentSkipListSet;\
			java.util.concurrent.ConcurrentSkipListMap$EntrySet;\
			java.util.concurrent.ConcurrentSkipListMap$KeySet;\
			java.util.concurrent.ConcurrentSkipListMap$Values;
		jvm.driver.init=\
			false
		managed-logger.repository=\
			autodetect
		managed-logger.repository.enabled=\
			true
		managed-logger.repository.logging.warn.disabled-for=\
			org.burningwave.core.assembler.ComponentContainer$ClassLoader;\
			org.burningwave.core.classes.MemoryClassLoader;\
			org.burningwave.core.classes.PathScannerClassLoader;
		modules.export-all-to-all=\
			true
		resource-releaser.enabled=\
			true
		synchronizer.all-threads-monitoring.enabled=\
			false
		synchronizer.all-threads-monitoring.interval=\
			90000
		thread-supplier.default-daemon-flag-value=\
			true
		thread-supplier.default-thread-priority=\
			5
		thread-supplier.max-detached-thread-count=\
			${thread-supplier.max-poolable-thread-count}
		thread-supplier.max-detached-thread-count.elapsed-time-threshold-from-last-increase-for-gradual-decreasing-to-initial-value=\
			30000
		thread-supplier.max-detached-thread-count.increasing-step=\
			autodetect
		thread-supplier.max-poolable-thread-count=\
			autodetect
		thread-supplier.poolable-thread-request-timeout=\
			6000


2026-04-24 23:55:12,585 [ModalContext] INFO  o.b.core.jvm.BufferHandler - (BufferHandler.java:127) - default buffer size: 1024 bytes
2026-04-24 23:55:12,587 [ModalContext] INFO  o.b.core.jvm.BufferHandler - (BufferHandler.java:141) - default allocation mode: ByteBuffer::allocateDirect
2026-04-24 23:55:12,600 [ModalContext] INFO  org.burningwave.core.Cache - (Cache.java:76) - Building cache
2026-04-24 23:55:12,633 [ModalContext] INFO  o.b.c.a.StaticComponentContainer - (StaticComponentContainer.java:443) - org.burningwave.core.assembler.StaticComponentContainer initialized in 0.410432 seconds
2026-04-24 23:55:15,444 [Worker-12: Building] INFO  o.a.m.s.f.DefaultMavenResourcesFiltering - Copying 0 resource from src\main\resources to target\classes
2026-04-24 23:55:15,463 [Worker-12: Building] INFO  o.a.m.s.f.DefaultMavenResourcesFiltering - Copying 0 resource from src\test\resources to target\test-classes
2026-04-24 23:55:25,117 [Worker-20: Building] INFO  o.a.m.s.f.DefaultMavenResourcesFiltering - Copying 0 resource from src\main\resources to target\classes
2026-04-24 23:55:25,128 [Worker-20: Building] INFO  o.a.m.s.f.DefaultMavenResourcesFiltering - Copying 0 resource from src\test\resources to target\test-classes
2026-04-24 23:56:46,194 [Worker-4: Building] INFO  o.a.m.s.f.DefaultMavenResourcesFiltering - Copying 0 resource from src\main\resources to target\classes
2026-04-24 23:56:46,200 [Worker-4: Building] INFO  o.a.m.s.f.DefaultMavenResourcesFiltering - Copying 0 resource from src\test\resources to target\test-classes
2026-04-24 23:56:50,883 [Worker-21: Building] INFO  o.a.m.s.f.DefaultMavenResourcesFiltering - Copying 0 resource from src\main\resources to target\classes
2026-04-24 23:56:50,885 [Worker-21: Building] INFO  o.a.m.s.f.DefaultMavenResourcesFiltering - Copying 0 resource from src\test\resources to target\test-classes
2026-04-24 23:57:07,959 [Worker-28: Building] INFO  o.a.m.s.f.DefaultMavenResourcesFiltering - Copying 0 resource from src\main\resources to target\classes
2026-04-24 23:57:07,961 [Worker-28: Building] INFO  o.a.m.s.f.DefaultMavenResourcesFiltering - Copying 0 resource from src\test\resources to target\test-classes
2026-04-24 23:57:13,505 [Worker-29: Building] INFO  o.a.m.s.f.DefaultMavenResourcesFiltering - Copying 0 resource from src\main\resources to target\classes
2026-04-24 23:57:13,513 [Worker-29: Building] INFO  o.a.m.s.f.DefaultMavenResourcesFiltering - Copying 0 resource from src\test\resources to target\test-classes
2026-04-24 23:58:22,615 [Worker-2: Building] INFO  o.a.m.s.f.DefaultMavenResourcesFiltering - Copying 0 resource from src\main\resources to target\classes
2026-04-24 23:58:22,618 [Worker-2: Building] INFO  o.a.m.s.f.DefaultMavenResourcesFiltering - Copying 0 resource from src\test\resources to target\test-classes
2026-04-24 23:58:26,976 [Worker-6: Building] INFO  o.a.m.s.f.DefaultMavenResourcesFiltering - Copying 0 resource from src\main\resources to target\classes
2026-04-24 23:58:26,981 [Worker-6: Building] INFO  o.a.m.s.f.DefaultMavenResourcesFiltering - Copying 0 resource from src\test\resources to target\test-classes
2026-04-24 23:58:41,863 [Worker-13: Building] INFO  o.a.m.s.f.DefaultMavenResourcesFiltering - Copying 0 resource from src\main\resources to target\classes
2026-04-24 23:58:41,866 [Worker-13: Building] INFO  o.a.m.s.f.DefaultMavenResourcesFiltering - Copying 0 resource from src\test\resources to target\test-classes
2026-04-24 23:58:46,913 [Worker-38: Building] INFO  o.a.m.s.f.DefaultMavenResourcesFiltering - Copying 0 resource from src\main\resources to target\classes
2026-04-24 23:58:46,914 [Worker-38: Building] INFO  o.a.m.s.f.DefaultMavenResourcesFiltering - Copying 0 resource from src\test\resources to target\test-classes
2026-04-24 23:59:00,721 [Worker-2: Building] INFO  o.a.m.s.f.DefaultMavenResourcesFiltering - Copying 0 resource from src\main\resources to target\classes
2026-04-24 23:59:00,724 [Worker-2: Building] INFO  o.a.m.s.f.DefaultMavenResourcesFiltering - Copying 0 resource from src\test\resources to target\test-classes
2026-04-24 23:59:05,161 [Worker-47: Building] INFO  o.a.m.s.f.DefaultMavenResourcesFiltering - Copying 0 resource from src\main\resources to target\classes
2026-04-24 23:59:05,167 [Worker-47: Building] INFO  o.a.m.s.f.DefaultMavenResourcesFiltering - Copying 0 resource from src\test\resources to target\test-classes
2026-04-24 23:59:14,903 [Worker-1: Building] INFO  o.a.m.s.f.DefaultMavenResourcesFiltering - Copying 0 resource from src\main\resources to target\classes
2026-04-24 23:59:14,909 [Worker-1: Building] INFO  o.a.m.s.f.DefaultMavenResourcesFiltering - Copying 0 resource from src\test\resources to target\test-classes
2026-04-24 23:59:19,227 [Worker-31: Building] INFO  o.a.m.s.f.DefaultMavenResourcesFiltering - Copying 0 resource from src\main\resources to target\classes
2026-04-24 23:59:19,231 [Worker-31: Building] INFO  o.a.m.s.f.DefaultMavenResourcesFiltering - Copying 0 resource from src\test\resources to target\test-classes
2026-04-25 00:00:21,256 [Worker-18: Building] INFO  o.a.m.s.f.DefaultMavenResourcesFiltering - Copying 0 resource from src\main\resources to target\classes
2026-04-25 00:00:21,260 [Worker-18: Building] INFO  o.a.m.s.f.DefaultMavenResourcesFiltering - Copying 0 resource from src\test\resources to target\test-classes
2026-04-25 00:00:25,694 [Worker-18: Building] INFO  o.a.m.s.f.DefaultMavenResourcesFiltering - Copying 0 resource from src\main\resources to target\classes
2026-04-25 00:00:25,698 [Worker-18: Building] INFO  o.a.m.s.f.DefaultMavenResourcesFiltering - Copying 0 resource from src\test\resources to target\test-classes
2026-04-25 00:00:41,966 [Worker-31: Building] INFO  o.a.m.s.f.DefaultMavenResourcesFiltering - Copying 0 resource from src\main\resources to target\classes
2026-04-25 00:00:41,973 [Worker-31: Building] INFO  o.a.m.s.f.DefaultMavenResourcesFiltering - Copying 0 resource from src\test\resources to target\test-classes
2026-04-25 00:00:46,478 [Worker-45: Building] INFO  o.a.m.s.f.DefaultMavenResourcesFiltering - Copying 0 resource from src\main\resources to target\classes
2026-04-25 00:00:46,483 [Worker-45: Building] INFO  o.a.m.s.f.DefaultMavenResourcesFiltering - Copying 0 resource from src\test\resources to target\test-classes
2026-04-25 00:00:59,306 [Worker-15: Building] INFO  o.a.m.s.f.DefaultMavenResourcesFiltering - Copying 0 resource from src\main\resources to target\classes
2026-04-25 00:00:59,309 [Worker-15: Building] INFO  o.a.m.s.f.DefaultMavenResourcesFiltering - Copying 0 resource from src\test\resources to target\test-classes
2026-04-25 00:01:04,011 [Worker-9: Building] INFO  o.a.m.s.f.DefaultMavenResourcesFiltering - Copying 0 resource from src\main\resources to target\classes
2026-04-25 00:01:04,013 [Worker-9: Building] INFO  o.a.m.s.f.DefaultMavenResourcesFiltering - Copying 0 resource from src\test\resources to target\test-classes
2026-04-25 00:01:14,713 [Worker-37: Building] INFO  o.a.m.s.f.DefaultMavenResourcesFiltering - Copying 0 resource from src\main\resources to target\classes
2026-04-25 00:01:14,715 [Worker-37: Building] INFO  o.a.m.s.f.DefaultMavenResourcesFiltering - Copying 0 resource from src\test\resources to target\test-classes
2026-04-25 00:01:19,480 [Worker-19: Building] INFO  o.a.m.s.f.DefaultMavenResourcesFiltering - Copying 0 resource from src\main\resources to target\classes
2026-04-25 00:01:19,482 [Worker-19: Building] INFO  o.a.m.s.f.DefaultMavenResourcesFiltering - Copying 0 resource from src\test\resources to target\test-classes
2026-04-25 00:02:44,652 [Worker-17: Building] INFO  o.a.m.s.f.DefaultMavenResourcesFiltering - Copying 0 resource from src\main\resources to target\classes
2026-04-25 00:02:44,655 [Worker-17: Building] INFO  o.a.m.s.f.DefaultMavenResourcesFiltering - Copying 0 resource from src\test\resources to target\test-classes
2026-04-25 00:02:49,235 [Worker-19: Building] INFO  o.a.m.s.f.DefaultMavenResourcesFiltering - Copying 0 resource from src\main\resources to target\classes
2026-04-25 00:02:49,240 [Worker-19: Building] INFO  o.a.m.s.f.DefaultMavenResourcesFiltering - Copying 0 resource from src\test\resources to target\test-classes
2026-04-25 00:02:58,509 [Worker-12: Building] INFO  o.a.m.s.f.DefaultMavenResourcesFiltering - Copying 0 resource from src\main\resources to target\classes
2026-04-25 00:02:58,511 [Worker-12: Building] INFO  o.a.m.s.f.DefaultMavenResourcesFiltering - Copying 0 resource from src\test\resources to target\test-classes
2026-04-25 00:03:03,454 [Worker-50: Building] INFO  o.a.m.s.f.DefaultMavenResourcesFiltering - Copying 0 resource from src\main\resources to target\classes
2026-04-25 00:03:03,457 [Worker-50: Building] INFO  o.a.m.s.f.DefaultMavenResourcesFiltering - Copying 0 resource from src\test\resources to target\test-classes
2026-04-25 00:29:24,804 [Burningwave - Resource releaser] INFO  o.b.c.a.StaticComponentContainer - (StaticComponentContainer.java:391) - ... Waiting for all tasks ending
2026-04-25 00:29:24,820 [Burningwave - Resource releaser] INFO  o.b.c.a.StaticComponentContainer - (StaticComponentContainer.java:397) - Closing all component containers
2026-04-25 00:29:24,830 [Burningwave - Resource releaser] INFO  o.b.c.a.StaticComponentContainer - (StaticComponentContainer.java:403) - Closing FileSystemHelper
2026-04-25 00:29:24,840 [Burningwave - Resource releaser] INFO  o.b.c.a.StaticComponentContainer - (StaticComponentContainer.java:409) - ... Waiting for all tasks ending before shutting down the BackgroundExecutor
2026-04-25 00:29:24,846 [Burningwave - Resource releaser] INFO  o.b.c.a.StaticComponentContainer - (StaticComponentContainer.java:414) - Shutting down BackgroundExecutor
2026-04-25 00:29:24,856 [Burningwave - Resource releaser] INFO  o.b.c.a.StaticComponentContainer - (StaticComponentContainer.java:420) - Stopping all threads monitoring thread
2026-04-25 00:29:24,862 [Burningwave - Resource releaser] INFO  o.b.c.a.StaticComponentContainer - (StaticComponentContainer.java:425) - Closing ThreadHolder
2026-04-25 00:29:24,871 [Burningwave - Resource releaser] INFO  o.b.c.a.StaticComponentContainer - (StaticComponentContainer.java:430) - Shutting down ThreadSupplier
2026-04-25 09:22:25,906 [main] INFO  o.b.c.a.StaticComponentContainer - (StaticComponentContainer.java:368) - Instantiated org.burningwave.core.SLF4JManagedLoggerRepository
2026-04-25 09:22:25,910 [main] INFO  o.b.c.a.StaticComponentContainer - (StaticComponentContainer.java:369) - 

	Configuration values for static components:

		background-executor.all-tasks-monitoring.enabled=\
			true
		background-executor.all-tasks-monitoring.interval=\
			30000
		background-executor.all-tasks-monitoring.logger.enabled=\
			false
		background-executor.all-tasks-monitoring.minimum-elapsed-time-to-consider-a-task-as-probable-dead-locked=\
			300000
		background-executor.all-tasks-monitoring.probable-dead-locked-tasks-handling.policy=\
			log only
		background-executor.queued-task-executor[0].name=\
			Low priority tasks
		background-executor.queued-task-executor[0].priority=\
			1
		background-executor.queued-task-executor[1].name=\
			Normal priority tasks
		background-executor.queued-task-executor[1].priority=\
			5
		background-executor.queued-task-executor[2].name=\
			High priority tasks
		background-executor.queued-task-executor[2].priority=\
			10
		background-executor.task-creation-tracking.enabled=\
			${background-executor.all-tasks-monitoring.enabled}
		banner.additonal-informations=\
			${Implementation-Title} ${Implementation-Version}
		banner.additonal-informations.retrieve-from-manifest-file-with-implementation-title=\
			Burningwave Core
		banner.file=\
			org/burningwave/banner.bwb
		banner.hide=\
			true
		buffer-handler.default-allocation-mode=\
			ByteBuffer::allocateDirect
		buffer-handler.default-buffer-size=\
			1024
		group-name-for-named-elements=\
			Burningwave
		iterable-object-helper.default-values-separator=\
			;
		iterable-object-helper.parallel-iteration.applicability.default-minimum-collection-size=\
			2
		iterable-object-helper.parallel-iteration.applicability.max-runtime-thread-count-threshold=\
			autodetect
		iterable-object-helper.parallel-iteration.applicability.output-collection-enabled-types=\
			java.util.concurrent.ConcurrentHashMap$CollectionView;\
			java.util.Collections$SynchronizedCollection;\
			java.util.concurrent.CopyOnWriteArrayList;\
			java.util.concurrent.CopyOnWriteArraySet;\
			java.util.concurrent.BlockingQueue;\
			java.util.concurrent.ConcurrentSkipListSet;\
			java.util.concurrent.ConcurrentSkipListMap$EntrySet;\
			java.util.concurrent.ConcurrentSkipListMap$KeySet;\
			java.util.concurrent.ConcurrentSkipListMap$Values;
		jvm.driver.init=\
			false
		managed-logger.repository=\
			autodetect
		managed-logger.repository.enabled=\
			true
		managed-logger.repository.logging.warn.disabled-for=\
			org.burningwave.core.assembler.ComponentContainer$ClassLoader;\
			org.burningwave.core.classes.MemoryClassLoader;\
			org.burningwave.core.classes.PathScannerClassLoader;
		modules.export-all-to-all=\
			true
		resource-releaser.enabled=\
			true
		synchronizer.all-threads-monitoring.enabled=\
			false
		synchronizer.all-threads-monitoring.interval=\
			90000
		thread-supplier.default-daemon-flag-value=\
			true
		thread-supplier.default-thread-priority=\
			5
		thread-supplier.max-detached-thread-count=\
			${thread-supplier.max-poolable-thread-count}
		thread-supplier.max-detached-thread-count.elapsed-time-threshold-from-last-increase-for-gradual-decreasing-to-initial-value=\
			30000
		thread-supplier.max-detached-thread-count.increasing-step=\
			autodetect
		thread-supplier.max-poolable-thread-count=\
			autodetect
		thread-supplier.poolable-thread-request-timeout=\
			6000


2026-04-25 09:22:25,915 [main] INFO  o.b.core.jvm.BufferHandler - (BufferHandler.java:127) - default buffer size: 1024 bytes
2026-04-25 09:22:25,918 [main] INFO  o.b.core.jvm.BufferHandler - (BufferHandler.java:141) - default allocation mode: ByteBuffer::allocateDirect
2026-04-25 09:22:25,924 [main] INFO  org.burningwave.core.Cache - (Cache.java:76) - Building cache
2026-04-25 09:22:25,962 [main] INFO  o.b.c.a.StaticComponentContainer - (StaticComponentContainer.java:443) - org.burningwave.core.assembler.StaticComponentContainer initialized in 0.2022829 seconds
2026-04-25 09:22:30,306 [Worker-1: Loading available Gradle versions] INFO  o.e.b.c.i.u.g.PublishedGradleVersions - Gradle version information cache is out-of-date. Trying to update.
2026-04-25 09:23:06,290 [Worker-9: Building] WARN  o.a.m.r.i.DefaultArtifactDescriptorReader - 6 problems were encountered while building the effective model for org.openjfx:javafx-controls:jar:21 during dependency collection step for project (use -X to see details)
2026-04-25 09:23:06,773 [Worker-9: Building] INFO  o.a.m.s.f.DefaultMavenResourcesFiltering - Copying 0 resource from src\main\resources to target\classes
2026-04-25 09:23:06,780 [Worker-9: Building] INFO  o.a.m.s.f.DefaultMavenResourcesFiltering - Copying 0 resource from src\test\resources to target\test-classes
2026-04-25 09:23:18,424 [Worker-7: Building] INFO  o.a.m.s.f.DefaultMavenResourcesFiltering - Copying 0 resource from src\main\resources to target\classes
2026-04-25 09:23:18,428 [Worker-7: Building] INFO  o.a.m.s.f.DefaultMavenResourcesFiltering - Copying 0 resource from src\test\resources to target\test-classes
2026-04-25 09:23:30,854 [Worker-9: Building] INFO  o.a.m.s.f.DefaultMavenResourcesFiltering - Copying 0 resource from src\main\resources to target\classes
2026-04-25 09:23:30,858 [Worker-9: Building] INFO  o.a.m.s.f.DefaultMavenResourcesFiltering - Copying 0 resource from src\test\resources to target\test-classes
2026-04-25 09:23:53,787 [Worker-12: Building] INFO  o.a.m.s.f.DefaultMavenResourcesFiltering - Copying 0 resource from src\main\resources to target\classes
2026-04-25 09:23:53,791 [Worker-12: Building] INFO  o.a.m.s.f.DefaultMavenResourcesFiltering - Copying 0 resource from src\test\resources to target\test-classes
2026-04-25 09:25:03,783 [Worker-7: Building] INFO  o.a.m.s.f.DefaultMavenResourcesFiltering - Copying 0 resource from src\main\resources to target\classes
2026-04-25 09:25:03,786 [Worker-7: Building] INFO  o.a.m.s.f.DefaultMavenResourcesFiltering - Copying 0 resource from src\test\resources to target\test-classes
2026-04-25 09:25:09,071 [Worker-17: Building] INFO  o.a.m.s.f.DefaultMavenResourcesFiltering - Copying 0 resource from src\main\resources to target\classes
2026-04-25 09:25:09,074 [Worker-17: Building] INFO  o.a.m.s.f.DefaultMavenResourcesFiltering - Copying 0 resource from src\test\resources to target\test-classes
2026-04-25 09:25:24,919 [Worker-36: Building] INFO  o.a.m.s.f.DefaultMavenResourcesFiltering - Copying 0 resource from src\main\resources to target\classes
2026-04-25 09:25:24,922 [Worker-36: Building] INFO  o.a.m.s.f.DefaultMavenResourcesFiltering - Copying 0 resource from src\test\resources to target\test-classes
2026-04-25 09:25:29,966 [Worker-9: Building] INFO  o.a.m.s.f.DefaultMavenResourcesFiltering - Copying 0 resource from src\main\resources to target\classes
2026-04-25 09:25:29,971 [Worker-9: Building] INFO  o.a.m.s.f.DefaultMavenResourcesFiltering - Copying 0 resource from src\test\resources to target\test-classes
2026-04-25 09:25:46,038 [Worker-33: Building] INFO  o.a.m.s.f.DefaultMavenResourcesFiltering - Copying 0 resource from src\main\resources to target\classes
2026-04-25 09:25:46,043 [Worker-33: Building] INFO  o.a.m.s.f.DefaultMavenResourcesFiltering - Copying 0 resource from src\test\resources to target\test-classes
2026-04-25 09:25:51,099 [Worker-26: Building] INFO  o.a.m.s.f.DefaultMavenResourcesFiltering - Copying 0 resource from src\main\resources to target\classes
2026-04-25 09:25:51,103 [Worker-26: Building] INFO  o.a.m.s.f.DefaultMavenResourcesFiltering - Copying 0 resource from src\test\resources to target\test-classes
2026-04-25 09:26:05,879 [Worker-33: Building] INFO  o.a.m.s.f.DefaultMavenResourcesFiltering - Copying 0 resource from src\main\resources to target\classes
2026-04-25 09:26:05,881 [Worker-33: Building] INFO  o.a.m.s.f.DefaultMavenResourcesFiltering - Copying 0 resource from src\test\resources to target\test-classes
2026-04-25 09:26:10,686 [Worker-15: Building] INFO  o.a.m.s.f.DefaultMavenResourcesFiltering - Copying 0 resource from src\main\resources to target\classes
2026-04-25 09:26:10,690 [Worker-15: Building] INFO  o.a.m.s.f.DefaultMavenResourcesFiltering - Copying 0 resource from src\test\resources to target\test-classes
2026-04-25 09:27:18,231 [Worker-33: Building] INFO  o.a.m.s.f.DefaultMavenResourcesFiltering - Copying 0 resource from src\main\resources to target\classes
2026-04-25 09:27:18,235 [Worker-33: Building] INFO  o.a.m.s.f.DefaultMavenResourcesFiltering - Copying 0 resource from src\test\resources to target\test-classes
2026-04-25 09:27:23,246 [Worker-7: Building] INFO  o.a.m.s.f.DefaultMavenResourcesFiltering - Copying 0 resource from src\main\resources to target\classes
2026-04-25 09:27:23,249 [Worker-7: Building] INFO  o.a.m.s.f.DefaultMavenResourcesFiltering - Copying 0 resource from src\test\resources to target\test-classes
2026-04-25 09:27:42,290 [Worker-37: Building] INFO  o.a.m.s.f.DefaultMavenResourcesFiltering - Copying 0 resource from src\main\resources to target\classes
2026-04-25 09:27:42,292 [Worker-37: Building] INFO  o.a.m.s.f.DefaultMavenResourcesFiltering - Copying 0 resource from src\test\resources to target\test-classes
2026-04-25 09:27:46,965 [Worker-1: Building] INFO  o.a.m.s.f.DefaultMavenResourcesFiltering - Copying 0 resource from src\main\resources to target\classes
2026-04-25 09:27:46,967 [Worker-1: Building] INFO  o.a.m.s.f.DefaultMavenResourcesFiltering - Copying 0 resource from src\test\resources to target\test-classes
2026-04-25 09:28:16,826 [Worker-25: Building] INFO  o.a.m.s.f.DefaultMavenResourcesFiltering - Copying 0 resource from src\main\resources to target\classes
2026-04-25 09:28:16,829 [Worker-25: Building] INFO  o.a.m.s.f.DefaultMavenResourcesFiltering - Copying 0 resource from src\test\resources to target\test-classes
2026-04-25 09:28:27,034 [Worker-2: Building] INFO  o.a.m.s.f.DefaultMavenResourcesFiltering - Copying 0 resource from src\main\resources to target\classes
2026-04-25 09:28:27,035 [Worker-2: Building] INFO  o.a.m.s.f.DefaultMavenResourcesFiltering - Copying 0 resource from src\test\resources to target\test-classes
2026-04-25 09:29:38,751 [Worker-37: Building] INFO  o.a.m.s.f.DefaultMavenResourcesFiltering - Copying 0 resource from src\main\resources to target\classes
2026-04-25 09:29:38,754 [Worker-37: Building] INFO  o.a.m.s.f.DefaultMavenResourcesFiltering - Copying 0 resource from src\test\resources to target\test-classes
2026-04-25 09:30:38,712 [Worker-37: Building] INFO  o.a.m.s.f.DefaultMavenResourcesFiltering - Copying 0 resource from src\main\resources to target\classes
2026-04-25 09:30:38,714 [Worker-37: Building] INFO  o.a.m.s.f.DefaultMavenResourcesFiltering - Copying 0 resource from src\test\resources to target\test-classes
2026-04-25 09:30:45,758 [Worker-35: Building] INFO  o.a.m.s.f.DefaultMavenResourcesFiltering - Copying 0 resource from src\main\resources to target\classes
2026-04-25 09:30:45,761 [Worker-35: Building] INFO  o.a.m.s.f.DefaultMavenResourcesFiltering - Copying 0 resource from src\test\resources to target\test-classes
2026-04-25 09:31:04,374 [Worker-19: Building] INFO  o.a.m.s.f.DefaultMavenResourcesFiltering - Copying 0 resource from src\main\resources to target\classes
2026-04-25 09:31:04,377 [Worker-19: Building] INFO  o.a.m.s.f.DefaultMavenResourcesFiltering - Copying 0 resource from src\test\resources to target\test-classes
2026-04-25 09:31:10,530 [Worker-17: Building] INFO  o.a.m.s.f.DefaultMavenResourcesFiltering - Copying 0 resource from src\main\resources to target\classes
2026-04-25 09:31:10,533 [Worker-17: Building] INFO  o.a.m.s.f.DefaultMavenResourcesFiltering - Copying 0 resource from src\test\resources to target\test-classes
2026-04-25 09:31:30,811 [Worker-37: Building] INFO  o.a.m.s.f.DefaultMavenResourcesFiltering - Copying 0 resource from src\main\resources to target\classes
2026-04-25 09:31:30,813 [Worker-37: Building] INFO  o.a.m.s.f.DefaultMavenResourcesFiltering - Copying 0 resource from src\test\resources to target\test-classes
2026-04-25 09:31:35,566 [Worker-19: Building] INFO  o.a.m.s.f.DefaultMavenResourcesFiltering - Copying 0 resource from src\main\resources to target\classes
2026-04-25 09:31:35,569 [Worker-19: Building] INFO  o.a.m.s.f.DefaultMavenResourcesFiltering - Copying 0 resource from src\test\resources to target\test-classes
2026-04-25 09:32:07,164 [Worker-17: Building] INFO  o.a.m.s.f.DefaultMavenResourcesFiltering - Copying 0 resource from src\main\resources to target\classes
2026-04-25 09:32:07,167 [Worker-17: Building] INFO  o.a.m.s.f.DefaultMavenResourcesFiltering - Copying 0 resource from src\test\resources to target\test-classes
2026-04-25 09:32:17,527 [Worker-1: Building] INFO  o.a.m.s.f.DefaultMavenResourcesFiltering - Copying 0 resource from src\main\resources to target\classes
2026-04-25 09:32:17,529 [Worker-1: Building] INFO  o.a.m.s.f.DefaultMavenResourcesFiltering - Copying 0 resource from src\test\resources to target\test-classes
2026-04-25 09:33:09,761 [Worker-17: Building] INFO  o.a.m.s.f.DefaultMavenResourcesFiltering - Copying 0 resource from src\main\resources to target\classes
2026-04-25 09:33:09,764 [Worker-17: Building] INFO  o.a.m.s.f.DefaultMavenResourcesFiltering - Copying 0 resource from src\test\resources to target\test-classes
2026-04-25 09:40:51,973 [Burningwave - Resource releaser] INFO  o.b.c.a.StaticComponentContainer - (StaticComponentContainer.java:391) - ... Waiting for all tasks ending
2026-04-25 09:40:51,975 [Burningwave - Resource releaser] INFO  o.b.c.a.StaticComponentContainer - (StaticComponentContainer.java:397) - Closing all component containers
2026-04-25 09:40:51,978 [Burningwave - Resource releaser] INFO  o.b.c.a.StaticComponentContainer - (StaticComponentContainer.java:403) - Closing FileSystemHelper
2026-04-25 09:40:51,979 [Burningwave - Resource releaser] INFO  o.b.c.a.StaticComponentContainer - (StaticComponentContainer.java:409) - ... Waiting for all tasks ending before shutting down the BackgroundExecutor
2026-04-25 09:40:51,980 [Burningwave - Resource releaser] INFO  o.b.c.a.StaticComponentContainer - (StaticComponentContainer.java:414) - Shutting down BackgroundExecutor
2026-04-25 09:40:51,981 [Burningwave - Resource releaser] INFO  o.b.c.a.StaticComponentContainer - (StaticComponentContainer.java:420) - Stopping all threads monitoring thread
2026-04-25 09:40:51,981 [Burningwave - Resource releaser] INFO  o.b.c.a.StaticComponentContainer - (StaticComponentContainer.java:425) - Closing ThreadHolder
2026-04-25 09:40:51,983 [Burningwave - Resource releaser] INFO  o.b.c.a.StaticComponentContainer - (StaticComponentContainer.java:430) - Shutting down ThreadSupplier
2026-04-25 13:41:06,741 [main] INFO  o.b.c.a.StaticComponentContainer - (StaticComponentContainer.java:368) - Instantiated org.burningwave.core.SLF4JManagedLoggerRepository
2026-04-25 13:41:06,743 [main] INFO  o.b.c.a.StaticComponentContainer - (StaticComponentContainer.java:369) - 

	Configuration values for static components:

		background-executor.all-tasks-monitoring.enabled=\
			true
		background-executor.all-tasks-monitoring.interval=\
			30000
		background-executor.all-tasks-monitoring.logger.enabled=\
			false
		background-executor.all-tasks-monitoring.minimum-elapsed-time-to-consider-a-task-as-probable-dead-locked=\
			300000
		background-executor.all-tasks-monitoring.probable-dead-locked-tasks-handling.policy=\
			log only
		background-executor.queued-task-executor[0].name=\
			Low priority tasks
		background-executor.queued-task-executor[0].priority=\
			1
		background-executor.queued-task-executor[1].name=\
			Normal priority tasks
		background-executor.queued-task-executor[1].priority=\
			5
		background-executor.queued-task-executor[2].name=\
			High priority tasks
		background-executor.queued-task-executor[2].priority=\
			10
		background-executor.task-creation-tracking.enabled=\
			${background-executor.all-tasks-monitoring.enabled}
		banner.additonal-informations=\
			${Implementation-Title} ${Implementation-Version}
		banner.additonal-informations.retrieve-from-manifest-file-with-implementation-title=\
			Burningwave Core
		banner.file=\
			org/burningwave/banner.bwb
		banner.hide=\
			true
		buffer-handler.default-allocation-mode=\
			ByteBuffer::allocateDirect
		buffer-handler.default-buffer-size=\
			1024
		group-name-for-named-elements=\
			Burningwave
		iterable-object-helper.default-values-separator=\
			;
		iterable-object-helper.parallel-iteration.applicability.default-minimum-collection-size=\
			2
		iterable-object-helper.parallel-iteration.applicability.max-runtime-thread-count-threshold=\
			autodetect
		iterable-object-helper.parallel-iteration.applicability.output-collection-enabled-types=\
			java.util.concurrent.ConcurrentHashMap$CollectionView;\
			java.util.Collections$SynchronizedCollection;\
			java.util.concurrent.CopyOnWriteArrayList;\
			java.util.concurrent.CopyOnWriteArraySet;\
			java.util.concurrent.BlockingQueue;\
			java.util.concurrent.ConcurrentSkipListSet;\
			java.util.concurrent.ConcurrentSkipListMap$EntrySet;\
			java.util.concurrent.ConcurrentSkipListMap$KeySet;\
			java.util.concurrent.ConcurrentSkipListMap$Values;
		jvm.driver.init=\
			false
		managed-logger.repository=\
			autodetect
		managed-logger.repository.enabled=\
			true
		managed-logger.repository.logging.warn.disabled-for=\
			org.burningwave.core.assembler.ComponentContainer$ClassLoader;\
			org.burningwave.core.classes.MemoryClassLoader;\
			org.burningwave.core.classes.PathScannerClassLoader;
		modules.export-all-to-all=\
			true
		resource-releaser.enabled=\
			true
		synchronizer.all-threads-monitoring.enabled=\
			false
		synchronizer.all-threads-monitoring.interval=\
			90000
		thread-supplier.default-daemon-flag-value=\
			true
		thread-supplier.default-thread-priority=\
			5
		thread-supplier.max-detached-thread-count=\
			${thread-supplier.max-poolable-thread-count}
		thread-supplier.max-detached-thread-count.elapsed-time-threshold-from-last-increase-for-gradual-decreasing-to-initial-value=\
			30000
		thread-supplier.max-detached-thread-count.increasing-step=\
			autodetect
		thread-supplier.max-poolable-thread-count=\
			autodetect
		thread-supplier.poolable-thread-request-timeout=\
			6000


2026-04-25 13:41:06,745 [main] INFO  o.b.core.jvm.BufferHandler - (BufferHandler.java:127) - default buffer size: 1024 bytes
2026-04-25 13:41:06,746 [main] INFO  o.b.core.jvm.BufferHandler - (BufferHandler.java:141) - default allocation mode: ByteBuffer::allocateDirect
2026-04-25 13:41:06,749 [main] INFO  org.burningwave.core.Cache - (Cache.java:76) - Building cache
2026-04-25 13:41:06,772 [main] INFO  o.b.c.a.StaticComponentContainer - (StaticComponentContainer.java:443) - org.burningwave.core.assembler.StaticComponentContainer initialized in 0.1174695 seconds
2026-04-25 13:41:09,874 [Worker-5: Loading available Gradle versions] INFO  o.e.b.c.i.u.g.PublishedGradleVersions - Gradle version information cache is up-to-date. Trying to read.
2026-04-25 13:44:06,904 [Worker-13: Building] WARN  o.a.m.r.i.DefaultArtifactDescriptorReader - 6 problems were encountered while building the effective model for org.openjfx:javafx-controls:jar:21 during dependency collection step for project (use -X to see details)
2026-04-25 13:44:07,407 [Worker-13: Building] INFO  o.a.m.s.f.DefaultMavenResourcesFiltering - Copying 0 resource from src\main\resources to target\classes
2026-04-25 13:44:07,412 [Worker-13: Building] INFO  o.a.m.s.f.DefaultMavenResourcesFiltering - Copying 0 resource from src\test\resources to target\test-classes
2026-04-25 13:44:12,748 [Worker-33: Building] INFO  o.a.m.s.f.DefaultMavenResourcesFiltering - Copying 0 resource from src\main\resources to target\classes
2026-04-25 13:44:12,751 [Worker-33: Building] INFO  o.a.m.s.f.DefaultMavenResourcesFiltering - Copying 0 resource from src\test\resources to target\test-classes
2026-04-25 13:44:27,554 [Worker-36: Building] INFO  o.a.m.s.f.DefaultMavenResourcesFiltering - Copying 0 resource from src\main\resources to target\classes
2026-04-25 13:44:27,557 [Worker-36: Building] INFO  o.a.m.s.f.DefaultMavenResourcesFiltering - Copying 0 resource from src\test\resources to target\test-classes
2026-04-25 13:44:32,195 [Worker-33: Building] INFO  o.a.m.s.f.DefaultMavenResourcesFiltering - Copying 0 resource from src\main\resources to target\classes
2026-04-25 13:44:32,198 [Worker-33: Building] INFO  o.a.m.s.f.DefaultMavenResourcesFiltering - Copying 0 resource from src\test\resources to target\test-classes
2026-04-25 13:44:43,633 [Worker-18: Building] INFO  o.a.m.s.f.DefaultMavenResourcesFiltering - Copying 0 resource from src\main\resources to target\classes
2026-04-25 13:44:43,636 [Worker-18: Building] INFO  o.a.m.s.f.DefaultMavenResourcesFiltering - Copying 0 resource from src\test\resources to target\test-classes
2026-04-25 13:44:48,481 [Worker-19: Building] INFO  o.a.m.s.f.DefaultMavenResourcesFiltering - Copying 0 resource from src\main\resources to target\classes
2026-04-25 13:44:48,484 [Worker-19: Building] INFO  o.a.m.s.f.DefaultMavenResourcesFiltering - Copying 0 resource from src\test\resources to target\test-classes
2026-04-25 13:47:24,403 [Worker-13: Building] INFO  o.a.m.s.f.DefaultMavenResourcesFiltering - Copying 0 resource from src\main\resources to target\classes
2026-04-25 13:47:24,406 [Worker-13: Building] INFO  o.a.m.s.f.DefaultMavenResourcesFiltering - Copying 0 resource from src\test\resources to target\test-classes
2026-04-25 13:48:50,074 [Worker-18: Building] INFO  o.a.m.s.f.DefaultMavenResourcesFiltering - Copying 0 resource from src\main\resources to target\classes
2026-04-25 13:48:50,076 [Worker-18: Building] INFO  o.a.m.s.f.DefaultMavenResourcesFiltering - Copying 0 resource from src\test\resources to target\test-classes
2026-04-25 13:50:52,651 [Worker-19: Building] INFO  o.a.m.s.f.DefaultMavenResourcesFiltering - Copying 0 resource from src\main\resources to target\classes
2026-04-25 13:50:52,656 [Worker-19: Building] INFO  o.a.m.s.f.DefaultMavenResourcesFiltering - Copying 0 resource from src\test\resources to target\test-classes
2026-04-25 13:51:02,191 [Worker-18: Building] INFO  o.a.m.s.f.DefaultMavenResourcesFiltering - Copying 0 resource from src\main\resources to target\classes
2026-04-25 13:51:02,194 [Worker-18: Building] INFO  o.a.m.s.f.DefaultMavenResourcesFiltering - Copying 0 resource from src\test\resources to target\test-classes
2026-04-25 13:51:17,273 [Worker-33: Building] INFO  o.a.m.s.f.DefaultMavenResourcesFiltering - Copying 0 resource from src\main\resources to target\classes
2026-04-25 13:51:17,275 [Worker-33: Building] INFO  o.a.m.s.f.DefaultMavenResourcesFiltering - Copying 0 resource from src\test\resources to target\test-classes
2026-04-25 13:51:42,282 [Worker-18: Building] INFO  o.a.m.s.f.DefaultMavenResourcesFiltering - Copying 0 resource from src\main\resources to target\classes
2026-04-25 13:51:42,284 [Worker-18: Building] INFO  o.a.m.s.f.DefaultMavenResourcesFiltering - Copying 0 resource from src\test\resources to target\test-classes
2026-04-25 13:51:50,768 [Worker-19: Building] INFO  o.a.m.s.f.DefaultMavenResourcesFiltering - Copying 0 resource from src\main\resources to target\classes
2026-04-25 13:51:50,772 [Worker-19: Building] INFO  o.a.m.s.f.DefaultMavenResourcesFiltering - Copying 0 resource from src\test\resources to target\test-classes
2026-04-25 13:53:44,257 [Worker-33: Building] INFO  o.a.m.s.f.DefaultMavenResourcesFiltering - Copying 0 resource from src\main\resources to target\classes
2026-04-25 13:53:44,260 [Worker-33: Building] INFO  o.a.m.s.f.DefaultMavenResourcesFiltering - Copying 0 resource from src\test\resources to target\test-classes
2026-04-25 13:53:50,471 [Worker-18: Building] INFO  o.a.m.s.f.DefaultMavenResourcesFiltering - Copying 0 resource from src\main\resources to target\classes
2026-04-25 13:53:50,474 [Worker-18: Building] INFO  o.a.m.s.f.DefaultMavenResourcesFiltering - Copying 0 resource from src\test\resources to target\test-classes
2026-04-25 13:54:06,381 [Worker-13: Building] INFO  o.a.m.s.f.DefaultMavenResourcesFiltering - Copying 0 resource from src\main\resources to target\classes
2026-04-25 13:54:06,383 [Worker-13: Building] INFO  o.a.m.s.f.DefaultMavenResourcesFiltering - Copying 0 resource from src\test\resources to target\test-classes
2026-04-25 13:54:12,237 [Worker-13: Building] INFO  o.a.m.s.f.DefaultMavenResourcesFiltering - Copying 0 resource from src\main\resources to target\classes
2026-04-25 13:54:12,240 [Worker-13: Building] INFO  o.a.m.s.f.DefaultMavenResourcesFiltering - Copying 0 resource from src\test\resources to target\test-classes
2026-04-25 13:54:26,468 [Worker-19: Building] INFO  o.a.m.s.f.DefaultMavenResourcesFiltering - Copying 0 resource from src\main\resources to target\classes
2026-04-25 13:54:26,471 [Worker-19: Building] INFO  o.a.m.s.f.DefaultMavenResourcesFiltering - Copying 0 resource from src\test\resources to target\test-classes
2026-04-25 13:54:31,690 [Worker-18: Building] INFO  o.a.m.s.f.DefaultMavenResourcesFiltering - Copying 0 resource from src\main\resources to target\classes
2026-04-25 13:54:31,693 [Worker-18: Building] INFO  o.a.m.s.f.DefaultMavenResourcesFiltering - Copying 0 resource from src\test\resources to target\test-classes
2026-04-25 13:55:04,114 [Worker-18: Building] INFO  o.a.m.s.f.DefaultMavenResourcesFiltering - Copying 0 resource from src\main\resources to target\classes
2026-04-25 13:55:04,118 [Worker-18: Building] INFO  o.a.m.s.f.DefaultMavenResourcesFiltering - Copying 0 resource from src\test\resources to target\test-classes
2026-04-25 13:56:35,022 [Worker-13: Building] INFO  o.a.m.s.f.DefaultMavenResourcesFiltering - Copying 0 resource from src\main\resources to target\classes
2026-04-25 13:56:35,027 [Worker-13: Building] INFO  o.a.m.s.f.DefaultMavenResourcesFiltering - Copying 0 resource from src\test\resources to target\test-classes
2026-04-25 13:59:04,031 [Worker-19: Building] INFO  o.a.m.s.f.DefaultMavenResourcesFiltering - Copying 0 resource from src\main\resources to target\classes
2026-04-25 13:59:04,034 [Worker-19: Building] INFO  o.a.m.s.f.DefaultMavenResourcesFiltering - Copying 0 resource from src\test\resources to target\test-classes
2026-04-25 13:59:09,256 [Worker-33: Building] INFO  o.a.m.s.f.DefaultMavenResourcesFiltering - Copying 0 resource from src\main\resources to target\classes
2026-04-25 13:59:09,258 [Worker-33: Building] INFO  o.a.m.s.f.DefaultMavenResourcesFiltering - Copying 0 resource from src\test\resources to target\test-classes
2026-04-25 13:59:34,116 [Worker-33: Building] INFO  o.a.m.s.f.DefaultMavenResourcesFiltering - Copying 0 resource from src\main\resources to target\classes
2026-04-25 13:59:34,120 [Worker-33: Building] INFO  o.a.m.s.f.DefaultMavenResourcesFiltering - Copying 0 resource from src\test\resources to target\test-classes
2026-04-25 13:59:39,906 [Worker-40: Building] INFO  o.a.m.s.f.DefaultMavenResourcesFiltering - Copying 0 resource from src\main\resources to target\classes
2026-04-25 13:59:39,908 [Worker-40: Building] INFO  o.a.m.s.f.DefaultMavenResourcesFiltering - Copying 0 resource from src\test\resources to target\test-classes
2026-04-25 14:02:41,216 [Worker-18: Building] INFO  o.a.m.s.f.DefaultMavenResourcesFiltering - Copying 0 resource from src\main\resources to target\classes
2026-04-25 14:02:41,219 [Worker-18: Building] INFO  o.a.m.s.f.DefaultMavenResourcesFiltering - Copying 0 resource from src\test\resources to target\test-classes
2026-04-25 14:05:57,609 [Worker-18: Building] INFO  o.a.m.s.f.DefaultMavenResourcesFiltering - Copying 0 resource from src\main\resources to target\classes
2026-04-25 14:05:57,612 [Worker-18: Building] INFO  o.a.m.s.f.DefaultMavenResourcesFiltering - Copying 0 resource from src\test\resources to target\test-classes
2026-04-25 14:06:13,510 [Worker-18: Building] INFO  o.a.m.s.f.DefaultMavenResourcesFiltering - Copying 0 resource from src\main\resources to target\classes
2026-04-25 14:06:13,513 [Worker-18: Building] INFO  o.a.m.s.f.DefaultMavenResourcesFiltering - Copying 0 resource from src\test\resources to target\test-classes
2026-04-25 14:11:18,138 [Worker-41: Building] INFO  o.a.m.s.f.DefaultMavenResourcesFiltering - Copying 1 resource from src\main\resources to target\classes
2026-04-25 14:11:18,145 [Worker-41: Building] INFO  o.a.m.s.f.DefaultMavenResourcesFiltering - Copying 0 resource from src\test\resources to target\test-classes
2026-04-25 14:11:24,219 [Worker-41: Building] INFO  o.a.m.s.f.DefaultMavenResourcesFiltering - Copying 1 resource from src\main\resources to target\classes
2026-04-25 14:11:24,229 [Worker-41: Building] INFO  o.a.m.s.f.DefaultMavenResourcesFiltering - Copying 0 resource from src\test\resources to target\test-classes
2026-04-25 14:12:14,264 [Worker-43: Building] INFO  o.a.m.s.f.DefaultMavenResourcesFiltering - Copying 1 resource from src\main\resources to target\classes
2026-04-25 14:12:14,288 [Worker-43: Building] INFO  o.a.m.s.f.DefaultMavenResourcesFiltering - Copying 0 resource from src\test\resources to target\test-classes
2026-04-25 14:12:26,664 [Worker-45: Building] INFO  o.a.m.s.f.DefaultMavenResourcesFiltering - Copying 1 resource from src\main\resources to target\classes
2026-04-25 14:12:26,688 [Worker-45: Building] INFO  o.a.m.s.f.DefaultMavenResourcesFiltering - Copying 0 resource from src\test\resources to target\test-classes
2026-04-25 14:13:02,601 [Worker-50: Building] INFO  o.a.m.s.f.DefaultMavenResourcesFiltering - Copying 2 resources from src\main\resources to target\classes
2026-04-25 14:13:02,606 [Worker-50: Building] INFO  o.a.m.s.f.DefaultMavenResourcesFiltering - Copying 0 resource from src\test\resources to target\test-classes
2026-04-25 14:13:08,099 [Worker-44: Building] INFO  o.a.m.s.f.DefaultMavenResourcesFiltering - Copying 2 resources from src\main\resources to target\classes
2026-04-25 14:13:08,108 [Worker-44: Building] INFO  o.a.m.s.f.DefaultMavenResourcesFiltering - Copying 0 resource from src\test\resources to target\test-classes
2026-04-25 14:17:41,870 [Worker-51: Building] INFO  o.a.m.s.f.DefaultMavenResourcesFiltering - Copying 0 resource from src\main\resources to target\classes
2026-04-25 14:17:41,888 [Worker-51: Building] INFO  o.a.m.s.f.DefaultMavenResourcesFiltering - Copying 0 resource from src\test\resources to target\test-classes
2026-04-25 14:20:39,986 [Worker-41: Building] INFO  o.a.m.s.f.DefaultMavenResourcesFiltering - Copying 0 resource from src\main\resources to target\classes
2026-04-25 14:20:40,006 [Worker-41: Building] INFO  o.a.m.s.f.DefaultMavenResourcesFiltering - Copying 0 resource from src\test\resources to target\test-classes
2026-04-25 14:32:29,405 [Burningwave - Resource releaser] INFO  o.b.c.a.StaticComponentContainer - (StaticComponentContainer.java:391) - ... Waiting for all tasks ending
2026-04-25 14:32:29,411 [Burningwave - Resource releaser] INFO  o.b.c.a.StaticComponentContainer - (StaticComponentContainer.java:397) - Closing all component containers
2026-04-25 14:32:29,416 [Burningwave - Resource releaser] INFO  o.b.c.a.StaticComponentContainer - (StaticComponentContainer.java:403) - Closing FileSystemHelper
2026-04-25 14:32:29,418 [Burningwave - Resource releaser] INFO  o.b.c.a.StaticComponentContainer - (StaticComponentContainer.java:409) - ... Waiting for all tasks ending before shutting down the BackgroundExecutor
2026-04-25 14:32:29,421 [Burningwave - Resource releaser] INFO  o.b.c.a.StaticComponentContainer - (StaticComponentContainer.java:414) - Shutting down BackgroundExecutor
2026-04-25 14:32:29,425 [Burningwave - Resource releaser] INFO  o.b.c.a.StaticComponentContainer - (StaticComponentContainer.java:420) - Stopping all threads monitoring thread
2026-04-25 14:32:29,427 [Burningwave - Resource releaser] INFO  o.b.c.a.StaticComponentContainer - (StaticComponentContainer.java:425) - Closing ThreadHolder
2026-04-25 14:32:29,429 [Burningwave - Resource releaser] INFO  o.b.c.a.StaticComponentContainer - (StaticComponentContainer.java:430) - Shutting down ThreadSupplier
2026-04-25 14:33:09,735 [Worker-9: Loading available Gradle versions] INFO  o.e.b.c.i.u.g.PublishedGradleVersions - Gradle version information cache is up-to-date. Trying to read.
2026-04-25 14:33:27,126 [Worker-9: Launching Main] WARN  o.a.m.r.i.DefaultArtifactDescriptorReader - 6 problems were encountered while building the effective model for org.openjfx:javafx-controls:jar:21 during dependency collection step for project (use -X to see details)
2026-04-25 20:51:18,386 [Worker-8: Loading available Gradle versions] INFO  o.e.b.c.i.u.g.PublishedGradleVersions - Gradle version information cache is up-to-date. Trying to read.
2026-04-25 20:51:54,225 [Worker-3: Launching Main] WARN  o.a.m.r.i.DefaultArtifactDescriptorReader - 6 problems were encountered while building the effective model for org.openjfx:javafx-controls:jar:21 during dependency collection step for project (use -X to see details)
2026-04-25 20:54:25,690 [Worker-13: Building] INFO  o.a.m.s.f.DefaultMavenResourcesFiltering - Copying 2 resources from src\main\resources to target\classes
2026-04-25 20:54:25,825 [Worker-13: Building] INFO  o.a.m.s.f.DefaultMavenResourcesFiltering - Copying 0 resource from src\test\resources to target\test-classes
2026-04-25 20:57:06,595 [main] INFO  o.b.c.a.StaticComponentContainer - (StaticComponentContainer.java:368) - Instantiated org.burningwave.core.SLF4JManagedLoggerRepository
2026-04-25 20:57:06,599 [main] INFO  o.b.c.a.StaticComponentContainer - (StaticComponentContainer.java:369) - 

	Configuration values for static components:

		background-executor.all-tasks-monitoring.enabled=\
			true
		background-executor.all-tasks-monitoring.interval=\
			30000
		background-executor.all-tasks-monitoring.logger.enabled=\
			false
		background-executor.all-tasks-monitoring.minimum-elapsed-time-to-consider-a-task-as-probable-dead-locked=\
			300000
		background-executor.all-tasks-monitoring.probable-dead-locked-tasks-handling.policy=\
			log only
		background-executor.queued-task-executor[0].name=\
			Low priority tasks
		background-executor.queued-task-executor[0].priority=\
			1
		background-executor.queued-task-executor[1].name=\
			Normal priority tasks
		background-executor.queued-task-executor[1].priority=\
			5
		background-executor.queued-task-executor[2].name=\
			High priority tasks
		background-executor.queued-task-executor[2].priority=\
			10
		background-executor.task-creation-tracking.enabled=\
			${background-executor.all-tasks-monitoring.enabled}
		banner.additonal-informations=\
			${Implementation-Title} ${Implementation-Version}
		banner.additonal-informations.retrieve-from-manifest-file-with-implementation-title=\
			Burningwave Core
		banner.file=\
			org/burningwave/banner.bwb
		banner.hide=\
			true
		buffer-handler.default-allocation-mode=\
			ByteBuffer::allocateDirect
		buffer-handler.default-buffer-size=\
			1024
		group-name-for-named-elements=\
			Burningwave
		iterable-object-helper.default-values-separator=\
			;
		iterable-object-helper.parallel-iteration.applicability.default-minimum-collection-size=\
			2
		iterable-object-helper.parallel-iteration.applicability.max-runtime-thread-count-threshold=\
			autodetect
		iterable-object-helper.parallel-iteration.applicability.output-collection-enabled-types=\
			java.util.concurrent.ConcurrentHashMap$CollectionView;\
			java.util.Collections$SynchronizedCollection;\
			java.util.concurrent.CopyOnWriteArrayList;\
			java.util.concurrent.CopyOnWriteArraySet;\
			java.util.concurrent.BlockingQueue;\
			java.util.concurrent.ConcurrentSkipListSet;\
			java.util.concurrent.ConcurrentSkipListMap$EntrySet;\
			java.util.concurrent.ConcurrentSkipListMap$KeySet;\
			java.util.concurrent.ConcurrentSkipListMap$Values;
		jvm.driver.init=\
			false
		managed-logger.repository=\
			autodetect
		managed-logger.repository.enabled=\
			true
		managed-logger.repository.logging.warn.disabled-for=\
			org.burningwave.core.assembler.ComponentContainer$ClassLoader;\
			org.burningwave.core.classes.MemoryClassLoader;\
			org.burningwave.core.classes.PathScannerClassLoader;
		modules.export-all-to-all=\
			true
		resource-releaser.enabled=\
			true
		synchronizer.all-threads-monitoring.enabled=\
			false
		synchronizer.all-threads-monitoring.interval=\
			90000
		thread-supplier.default-daemon-flag-value=\
			true
		thread-supplier.default-thread-priority=\
			5
		thread-supplier.max-detached-thread-count=\
			${thread-supplier.max-poolable-thread-count}
		thread-supplier.max-detached-thread-count.elapsed-time-threshold-from-last-increase-for-gradual-decreasing-to-initial-value=\
			30000
		thread-supplier.max-detached-thread-count.increasing-step=\
			autodetect
		thread-supplier.max-poolable-thread-count=\
			autodetect
		thread-supplier.poolable-thread-request-timeout=\
			6000


2026-04-25 20:57:06,607 [main] INFO  o.b.core.jvm.BufferHandler - (BufferHandler.java:127) - default buffer size: 1024 bytes
2026-04-25 20:57:06,613 [main] INFO  o.b.core.jvm.BufferHandler - (BufferHandler.java:141) - default allocation mode: ByteBuffer::allocateDirect
2026-04-25 20:57:06,626 [main] INFO  org.burningwave.core.Cache - (Cache.java:76) - Building cache
2026-04-25 20:57:06,659 [main] INFO  o.b.c.a.StaticComponentContainer - (StaticComponentContainer.java:443) - org.burningwave.core.assembler.StaticComponentContainer initialized in 0.4250844 seconds
2026-04-25 20:57:17,781 [Worker-26: Building] INFO  o.a.m.s.f.DefaultMavenResourcesFiltering - Copying 2 resources from src\main\resources to target\classes
2026-04-25 20:57:17,788 [Worker-26: Building] INFO  o.a.m.s.f.DefaultMavenResourcesFiltering - Copying 0 resource from src\test\resources to target\test-classes
2026-04-25 21:00:37,870 [Worker-52: Building] INFO  o.a.m.s.f.DefaultMavenResourcesFiltering - Copying 1 resource from src\main\resources to target\classes
2026-04-25 21:00:37,887 [Worker-52: Building] INFO  o.a.m.s.f.DefaultMavenResourcesFiltering - Copying 0 resource from src\test\resources to target\test-classes
2026-04-25 21:00:45,191 [Worker-50: Building] INFO  o.a.m.s.f.DefaultMavenResourcesFiltering - Copying 1 resource from src\main\resources to target\classes
2026-04-25 21:00:45,197 [Worker-50: Building] INFO  o.a.m.s.f.DefaultMavenResourcesFiltering - Copying 0 resource from src\test\resources to target\test-classes
2026-04-25 21:01:54,180 [Worker-30: Building] INFO  o.a.m.s.f.DefaultMavenResourcesFiltering - Copying 3 resources from src\main\resources to target\classes
2026-04-25 21:01:54,191 [Worker-30: Building] INFO  o.a.m.s.f.DefaultMavenResourcesFiltering - Copying 0 resource from src\test\resources to target\test-classes
2026-04-25 21:02:15,500 [Worker-19: Building] INFO  o.a.m.s.f.DefaultMavenResourcesFiltering - Copying 3 resources from src\main\resources to target\classes
2026-04-25 21:02:15,505 [Worker-19: Building] INFO  o.a.m.s.f.DefaultMavenResourcesFiltering - Copying 0 resource from src\test\resources to target\test-classes
2026-04-25 21:04:33,825 [Burningwave - Resource releaser] INFO  o.b.c.a.StaticComponentContainer - (StaticComponentContainer.java:391) - ... Waiting for all tasks ending
2026-04-25 21:04:33,835 [Burningwave - Resource releaser] INFO  o.b.c.a.StaticComponentContainer - (StaticComponentContainer.java:397) - Closing all component containers
2026-04-25 21:04:33,854 [Burningwave - Resource releaser] INFO  o.b.c.a.StaticComponentContainer - (StaticComponentContainer.java:403) - Closing FileSystemHelper
2026-04-25 21:04:33,867 [Burningwave - Resource releaser] INFO  o.b.c.a.StaticComponentContainer - (StaticComponentContainer.java:409) - ... Waiting for all tasks ending before shutting down the BackgroundExecutor
2026-04-25 21:04:33,874 [Burningwave - Resource releaser] INFO  o.b.c.a.StaticComponentContainer - (StaticComponentContainer.java:414) - Shutting down BackgroundExecutor
2026-04-25 21:04:33,883 [Burningwave - Resource releaser] INFO  o.b.c.a.StaticComponentContainer - (StaticComponentContainer.java:420) - Stopping all threads monitoring thread
2026-04-25 21:04:33,887 [Burningwave - Resource releaser] INFO  o.b.c.a.StaticComponentContainer - (StaticComponentContainer.java:425) - Closing ThreadHolder
2026-04-25 21:04:33,892 [Burningwave - Resource releaser] INFO  o.b.c.a.StaticComponentContainer - (StaticComponentContainer.java:430) - Shutting down ThreadSupplier
2026-04-26 12:41:19,503 [main] INFO  o.b.c.a.StaticComponentContainer - (StaticComponentContainer.java:368) - Instantiated org.burningwave.core.SLF4JManagedLoggerRepository
2026-04-26 12:41:19,506 [main] INFO  o.b.c.a.StaticComponentContainer - (StaticComponentContainer.java:369) - 

	Configuration values for static components:

		background-executor.all-tasks-monitoring.enabled=\
			true
		background-executor.all-tasks-monitoring.interval=\
			30000
		background-executor.all-tasks-monitoring.logger.enabled=\
			false
		background-executor.all-tasks-monitoring.minimum-elapsed-time-to-consider-a-task-as-probable-dead-locked=\
			300000
		background-executor.all-tasks-monitoring.probable-dead-locked-tasks-handling.policy=\
			log only
		background-executor.queued-task-executor[0].name=\
			Low priority tasks
		background-executor.queued-task-executor[0].priority=\
			1
		background-executor.queued-task-executor[1].name=\
			Normal priority tasks
		background-executor.queued-task-executor[1].priority=\
			5
		background-executor.queued-task-executor[2].name=\
			High priority tasks
		background-executor.queued-task-executor[2].priority=\
			10
		background-executor.task-creation-tracking.enabled=\
			${background-executor.all-tasks-monitoring.enabled}
		banner.additonal-informations=\
			${Implementation-Title} ${Implementation-Version}
		banner.additonal-informations.retrieve-from-manifest-file-with-implementation-title=\
			Burningwave Core
		banner.file=\
			org/burningwave/banner.bwb
		banner.hide=\
			true
		buffer-handler.default-allocation-mode=\
			ByteBuffer::allocateDirect
		buffer-handler.default-buffer-size=\
			1024
		group-name-for-named-elements=\
			Burningwave
		iterable-object-helper.default-values-separator=\
			;
		iterable-object-helper.parallel-iteration.applicability.default-minimum-collection-size=\
			2
		iterable-object-helper.parallel-iteration.applicability.max-runtime-thread-count-threshold=\
			autodetect
		iterable-object-helper.parallel-iteration.applicability.output-collection-enabled-types=\
			java.util.concurrent.ConcurrentHashMap$CollectionView;\
			java.util.Collections$SynchronizedCollection;\
			java.util.concurrent.CopyOnWriteArrayList;\
			java.util.concurrent.CopyOnWriteArraySet;\
			java.util.concurrent.BlockingQueue;\
			java.util.concurrent.ConcurrentSkipListSet;\
			java.util.concurrent.ConcurrentSkipListMap$EntrySet;\
			java.util.concurrent.ConcurrentSkipListMap$KeySet;\
			java.util.concurrent.ConcurrentSkipListMap$Values;
		jvm.driver.init=\
			false
		managed-logger.repository=\
			autodetect
		managed-logger.repository.enabled=\
			true
		managed-logger.repository.logging.warn.disabled-for=\
			org.burningwave.core.assembler.ComponentContainer$ClassLoader;\
			org.burningwave.core.classes.MemoryClassLoader;\
			org.burningwave.core.classes.PathScannerClassLoader;
		modules.export-all-to-all=\
			true
		resource-releaser.enabled=\
			true
		synchronizer.all-threads-monitoring.enabled=\
			false
		synchronizer.all-threads-monitoring.interval=\
			90000
		thread-supplier.default-daemon-flag-value=\
			true
		thread-supplier.default-thread-priority=\
			5
		thread-supplier.max-detached-thread-count=\
			${thread-supplier.max-poolable-thread-count}
		thread-supplier.max-detached-thread-count.elapsed-time-threshold-from-last-increase-for-gradual-decreasing-to-initial-value=\
			30000
		thread-supplier.max-detached-thread-count.increasing-step=\
			autodetect
		thread-supplier.max-poolable-thread-count=\
			autodetect
		thread-supplier.poolable-thread-request-timeout=\
			6000


2026-04-26 12:41:19,509 [main] INFO  o.b.core.jvm.BufferHandler - (BufferHandler.java:127) - default buffer size: 1024 bytes
2026-04-26 12:41:19,510 [main] INFO  o.b.core.jvm.BufferHandler - (BufferHandler.java:141) - default allocation mode: ByteBuffer::allocateDirect
2026-04-26 12:41:19,515 [main] INFO  org.burningwave.core.Cache - (Cache.java:76) - Building cache
2026-04-26 12:41:19,553 [main] INFO  o.b.c.a.StaticComponentContainer - (StaticComponentContainer.java:443) - org.burningwave.core.assembler.StaticComponentContainer initialized in 0.1533515 seconds
2026-04-26 12:41:23,611 [Worker-6: Loading available Gradle versions] INFO  o.e.b.c.i.u.g.PublishedGradleVersions - Gradle version information cache is out-of-date. Trying to update.
2026-04-26 12:41:49,578 [Worker-5: Launching Main] WARN  o.a.m.r.i.DefaultArtifactDescriptorReader - 6 problems were encountered while building the effective model for org.openjfx:javafx-controls:jar:21 during dependency collection step for project (use -X to see details)
2026-04-26 12:45:57,382 [Worker-1: Building] INFO  o.a.m.s.f.DefaultMavenResourcesFiltering - Copying 4 resources from src\main\resources to target\classes
2026-04-26 12:45:57,400 [Worker-1: Building] INFO  o.a.m.s.f.DefaultMavenResourcesFiltering - Copying 0 resource from src\test\resources to target\test-classes
2026-04-26 12:46:04,947 [Worker-1: Building] INFO  o.a.m.s.f.DefaultMavenResourcesFiltering - Copying 1 resource from src\main\resources to target\classes
2026-04-26 12:46:04,957 [Worker-1: Building] INFO  o.a.m.s.f.DefaultMavenResourcesFiltering - Copying 0 resource from src\test\resources to target\test-classes
2026-04-26 12:46:36,175 [Worker-3: Building] INFO  o.a.m.s.f.DefaultMavenResourcesFiltering - Copying 1 resource from src\main\resources to target\classes
2026-04-26 12:46:36,180 [Worker-3: Building] INFO  o.a.m.s.f.DefaultMavenResourcesFiltering - Copying 0 resource from src\test\resources to target\test-classes
2026-04-26 12:46:42,405 [Worker-34: Building] INFO  o.a.m.s.f.DefaultMavenResourcesFiltering - Copying 1 resource from src\main\resources to target\classes
2026-04-26 12:46:42,408 [Worker-34: Building] INFO  o.a.m.s.f.DefaultMavenResourcesFiltering - Copying 0 resource from src\test\resources to target\test-classes
2026-04-26 12:47:18,131 [Worker-23: Building] INFO  o.a.m.s.f.DefaultMavenResourcesFiltering - Copying 5 resources from src\main\resources to target\classes
2026-04-26 12:47:18,135 [Worker-23: Building] INFO  o.a.m.s.f.DefaultMavenResourcesFiltering - Copying 0 resource from src\test\resources to target\test-classes
2026-04-26 12:47:22,759 [Worker-11: Building] INFO  o.a.m.s.f.DefaultMavenResourcesFiltering - Copying 5 resources from src\main\resources to target\classes
2026-04-26 12:47:22,763 [Worker-11: Building] INFO  o.a.m.s.f.DefaultMavenResourcesFiltering - Copying 0 resource from src\test\resources to target\test-classes
2026-04-26 12:47:43,384 [Worker-23: Building] INFO  o.a.m.s.f.DefaultMavenResourcesFiltering - Copying 5 resources from src\main\resources to target\classes
2026-04-26 12:47:43,387 [Worker-23: Building] INFO  o.a.m.s.f.DefaultMavenResourcesFiltering - Copying 0 resource from src\test\resources to target\test-classes
2026-04-26 12:47:47,541 [Worker-34: Building] INFO  o.a.m.s.f.DefaultMavenResourcesFiltering - Copying 5 resources from src\main\resources to target\classes
2026-04-26 12:47:47,547 [Worker-34: Building] INFO  o.a.m.s.f.DefaultMavenResourcesFiltering - Copying 0 resource from src\test\resources to target\test-classes
2026-04-26 12:54:02,351 [Worker-13: Building] INFO  o.a.m.s.f.DefaultMavenResourcesFiltering - Copying 5 resources from src\main\resources to target\classes
2026-04-26 12:54:02,356 [Worker-13: Building] INFO  o.a.m.s.f.DefaultMavenResourcesFiltering - Copying 0 resource from src\test\resources to target\test-classes
2026-04-26 12:55:21,024 [Worker-25: Building] INFO  o.a.m.s.f.DefaultMavenResourcesFiltering - Copying 5 resources from src\main\resources to target\classes
2026-04-26 12:55:21,027 [Worker-25: Building] INFO  o.a.m.s.f.DefaultMavenResourcesFiltering - Copying 0 resource from src\test\resources to target\test-classes
2026-04-26 12:58:46,413 [Worker-13: Building] INFO  o.a.m.s.f.DefaultMavenResourcesFiltering - Copying 5 resources from src\main\resources to target\classes
2026-04-26 12:58:46,416 [Worker-13: Building] INFO  o.a.m.s.f.DefaultMavenResourcesFiltering - Copying 0 resource from src\test\resources to target\test-classes
2026-04-26 12:59:23,954 [Worker-4: Building] INFO  o.a.m.s.f.DefaultMavenResourcesFiltering - Copying 5 resources from src\main\resources to target\classes
2026-04-26 12:59:23,956 [Worker-4: Building] INFO  o.a.m.s.f.DefaultMavenResourcesFiltering - Copying 0 resource from src\test\resources to target\test-classes
2026-04-26 13:08:24,892 [Worker-3: Building] INFO  o.a.m.s.f.DefaultMavenResourcesFiltering - Copying 5 resources from src\main\resources to target\classes
2026-04-26 13:08:24,895 [Worker-3: Building] INFO  o.a.m.s.f.DefaultMavenResourcesFiltering - Copying 0 resource from src\test\resources to target\test-classes
2026-04-26 13:08:30,464 [Worker-38: Building] INFO  o.a.m.s.f.DefaultMavenResourcesFiltering - Copying 5 resources from src\main\resources to target\classes
2026-04-26 13:08:30,468 [Worker-38: Building] INFO  o.a.m.s.f.DefaultMavenResourcesFiltering - Copying 0 resource from src\test\resources to target\test-classes
2026-04-26 13:08:49,451 [Worker-13: Building] INFO  o.a.m.s.f.DefaultMavenResourcesFiltering - Copying 1 resource from src\main\resources to target\classes
2026-04-26 13:08:49,455 [Worker-13: Building] INFO  o.a.m.s.f.DefaultMavenResourcesFiltering - Copying 0 resource from src\test\resources to target\test-classes
2026-04-26 13:08:57,442 [Worker-3: Building] INFO  o.a.m.s.f.DefaultMavenResourcesFiltering - Copying 1 resource from src\main\resources to target\classes
2026-04-26 13:08:57,448 [Worker-3: Building] INFO  o.a.m.s.f.DefaultMavenResourcesFiltering - Copying 0 resource from src\test\resources to target\test-classes
2026-04-26 13:09:14,354 [Worker-3: Building] INFO  o.a.m.s.f.DefaultMavenResourcesFiltering - Copying 1 resource from src\main\resources to target\classes
2026-04-26 13:09:14,357 [Worker-3: Building] INFO  o.a.m.s.f.DefaultMavenResourcesFiltering - Copying 0 resource from src\test\resources to target\test-classes
2026-04-26 13:09:18,776 [Worker-21: Building] INFO  o.a.m.s.f.DefaultMavenResourcesFiltering - Copying 1 resource from src\main\resources to target\classes
2026-04-26 13:09:18,785 [Worker-21: Building] INFO  o.a.m.s.f.DefaultMavenResourcesFiltering - Copying 0 resource from src\test\resources to target\test-classes
2026-04-26 13:09:33,773 [Worker-13: Building] INFO  o.a.m.s.f.DefaultMavenResourcesFiltering - Copying 7 resources from src\main\resources to target\classes
2026-04-26 13:09:33,778 [Worker-13: Building] INFO  o.a.m.s.f.DefaultMavenResourcesFiltering - Copying 0 resource from src\test\resources to target\test-classes
2026-04-26 13:09:38,448 [Worker-4: Building] INFO  o.a.m.s.f.DefaultMavenResourcesFiltering - Copying 7 resources from src\main\resources to target\classes
2026-04-26 13:09:38,454 [Worker-4: Building] INFO  o.a.m.s.f.DefaultMavenResourcesFiltering - Copying 0 resource from src\test\resources to target\test-classes
2026-04-26 13:10:18,605 [Worker-21: Building] INFO  o.a.m.s.f.DefaultMavenResourcesFiltering - Copying 7 resources from src\main\resources to target\classes
2026-04-26 13:10:18,609 [Worker-21: Building] INFO  o.a.m.s.f.DefaultMavenResourcesFiltering - Copying 0 resource from src\test\resources to target\test-classes
2026-04-26 13:10:28,913 [Worker-8: Building] INFO  o.a.m.s.f.DefaultMavenResourcesFiltering - Copying 7 resources from src\main\resources to target\classes
2026-04-26 13:10:28,915 [Worker-8: Building] INFO  o.a.m.s.f.DefaultMavenResourcesFiltering - Copying 0 resource from src\test\resources to target\test-classes
2026-04-26 13:10:49,093 [Worker-3: Building] INFO  o.a.m.s.f.DefaultMavenResourcesFiltering - Copying 7 resources from src\main\resources to target\classes
2026-04-26 13:10:49,098 [Worker-3: Building] INFO  o.a.m.s.f.DefaultMavenResourcesFiltering - Copying 0 resource from src\test\resources to target\test-classes
2026-04-26 13:10:55,592 [Worker-39: Building] INFO  o.a.m.s.f.DefaultMavenResourcesFiltering - Copying 7 resources from src\main\resources to target\classes
2026-04-26 13:10:55,596 [Worker-39: Building] INFO  o.a.m.s.f.DefaultMavenResourcesFiltering - Copying 0 resource from src\test\resources to target\test-classes
2026-04-26 13:12:39,081 [Worker-4: Building] INFO  o.a.m.s.f.DefaultMavenResourcesFiltering - Copying 1 resource from src\main\resources to target\classes
2026-04-26 13:12:39,086 [Worker-4: Building] INFO  o.a.m.s.f.DefaultMavenResourcesFiltering - Copying 0 resource from src\test\resources to target\test-classes
2026-04-26 13:12:44,224 [Worker-8: Building] INFO  o.a.m.s.f.DefaultMavenResourcesFiltering - Copying 1 resource from src\main\resources to target\classes
2026-04-26 13:12:44,233 [Worker-8: Building] INFO  o.a.m.s.f.DefaultMavenResourcesFiltering - Copying 0 resource from src\test\resources to target\test-classes
2026-04-26 13:12:57,036 [Worker-8: Building] INFO  o.a.m.s.f.DefaultMavenResourcesFiltering - Copying 1 resource from src\main\resources to target\classes
2026-04-26 13:12:57,042 [Worker-8: Building] INFO  o.a.m.s.f.DefaultMavenResourcesFiltering - Copying 0 resource from src\test\resources to target\test-classes
2026-04-26 13:13:01,886 [Worker-21: Building] INFO  o.a.m.s.f.DefaultMavenResourcesFiltering - Copying 1 resource from src\main\resources to target\classes
2026-04-26 13:13:01,889 [Worker-21: Building] INFO  o.a.m.s.f.DefaultMavenResourcesFiltering - Copying 0 resource from src\test\resources to target\test-classes
2026-04-26 13:13:16,019 [Worker-40: Building] INFO  o.a.m.s.f.DefaultMavenResourcesFiltering - Copying 1 resource from src\main\resources to target\classes
2026-04-26 13:13:16,023 [Worker-40: Building] INFO  o.a.m.s.f.DefaultMavenResourcesFiltering - Copying 0 resource from src\test\resources to target\test-classes
2026-04-26 13:13:20,754 [Worker-40: Building] INFO  o.a.m.s.f.DefaultMavenResourcesFiltering - Copying 1 resource from src\main\resources to target\classes
2026-04-26 13:13:20,757 [Worker-40: Building] INFO  o.a.m.s.f.DefaultMavenResourcesFiltering - Copying 0 resource from src\test\resources to target\test-classes
2026-04-26 13:13:38,004 [Worker-13: Building] INFO  o.a.m.s.f.DefaultMavenResourcesFiltering - Copying 10 resources from src\main\resources to target\classes
2026-04-26 13:13:38,008 [Worker-13: Building] INFO  o.a.m.s.f.DefaultMavenResourcesFiltering - Copying 0 resource from src\test\resources to target\test-classes
2026-04-26 13:13:42,849 [Worker-13: Building] INFO  o.a.m.s.f.DefaultMavenResourcesFiltering - Copying 10 resources from src\main\resources to target\classes
2026-04-26 13:13:42,853 [Worker-13: Building] INFO  o.a.m.s.f.DefaultMavenResourcesFiltering - Copying 0 resource from src\test\resources to target\test-classes
2026-04-26 13:21:37,088 [Worker-41: Building] INFO  o.a.m.s.f.DefaultMavenResourcesFiltering - Copying 1 resource from src\main\resources to target\classes
2026-04-26 13:21:37,093 [Worker-41: Building] INFO  o.a.m.s.f.DefaultMavenResourcesFiltering - Copying 0 resource from src\test\resources to target\test-classes
2026-04-26 13:22:07,078 [Worker-41: Building] INFO  o.a.m.s.f.DefaultMavenResourcesFiltering - Copying 10 resources from src\main\resources to target\classes
2026-04-26 13:22:07,081 [Worker-41: Building] INFO  o.a.m.s.f.DefaultMavenResourcesFiltering - Copying 0 resource from src\test\resources to target\test-classes
2026-04-26 13:24:21,840 [Burningwave - Resource releaser] INFO  o.b.c.a.StaticComponentContainer - (StaticComponentContainer.java:391) - ... Waiting for all tasks ending
2026-04-26 13:24:21,841 [Burningwave - Resource releaser] INFO  o.b.c.a.StaticComponentContainer - (StaticComponentContainer.java:397) - Closing all component containers
2026-04-26 13:24:21,843 [Burningwave - Resource releaser] INFO  o.b.c.a.StaticComponentContainer - (StaticComponentContainer.java:403) - Closing FileSystemHelper
2026-04-26 13:24:21,844 [Burningwave - Resource releaser] INFO  o.b.c.a.StaticComponentContainer - (StaticComponentContainer.java:409) - ... Waiting for all tasks ending before shutting down the BackgroundExecutor
2026-04-26 13:24:21,845 [Burningwave - Resource releaser] INFO  o.b.c.a.StaticComponentContainer - (StaticComponentContainer.java:414) - Shutting down BackgroundExecutor
2026-04-26 13:24:21,845 [Burningwave - Resource releaser] INFO  o.b.c.a.StaticComponentContainer - (StaticComponentContainer.java:420) - Stopping all threads monitoring thread
2026-04-26 13:24:21,845 [Burningwave - Resource releaser] INFO  o.b.c.a.StaticComponentContainer - (StaticComponentContainer.java:425) - Closing ThreadHolder
2026-04-26 13:24:21,846 [Burningwave - Resource releaser] INFO  o.b.c.a.StaticComponentContainer - (StaticComponentContainer.java:430) - Shutting down ThreadSupplier
2026-04-27 04:47:56,203 [main] INFO  o.b.c.a.StaticComponentContainer - (StaticComponentContainer.java:368) - Instantiated org.burningwave.core.SLF4JManagedLoggerRepository
2026-04-27 04:47:56,211 [main] INFO  o.b.c.a.StaticComponentContainer - (StaticComponentContainer.java:369) - 

	Configuration values for static components:

		background-executor.all-tasks-monitoring.enabled=\
			true
		background-executor.all-tasks-monitoring.interval=\
			30000
		background-executor.all-tasks-monitoring.logger.enabled=\
			false
		background-executor.all-tasks-monitoring.minimum-elapsed-time-to-consider-a-task-as-probable-dead-locked=\
			300000
		background-executor.all-tasks-monitoring.probable-dead-locked-tasks-handling.policy=\
			log only
		background-executor.queued-task-executor[0].name=\
			Low priority tasks
		background-executor.queued-task-executor[0].priority=\
			1
		background-executor.queued-task-executor[1].name=\
			Normal priority tasks
		background-executor.queued-task-executor[1].priority=\
			5
		background-executor.queued-task-executor[2].name=\
			High priority tasks
		background-executor.queued-task-executor[2].priority=\
			10
		background-executor.task-creation-tracking.enabled=\
			${background-executor.all-tasks-monitoring.enabled}
		banner.additonal-informations=\
			${Implementation-Title} ${Implementation-Version}
		banner.additonal-informations.retrieve-from-manifest-file-with-implementation-title=\
			Burningwave Core
		banner.file=\
			org/burningwave/banner.bwb
		banner.hide=\
			true
		buffer-handler.default-allocation-mode=\
			ByteBuffer::allocateDirect
		buffer-handler.default-buffer-size=\
			1024
		group-name-for-named-elements=\
			Burningwave
		iterable-object-helper.default-values-separator=\
			;
		iterable-object-helper.parallel-iteration.applicability.default-minimum-collection-size=\
			2
		iterable-object-helper.parallel-iteration.applicability.max-runtime-thread-count-threshold=\
			autodetect
		iterable-object-helper.parallel-iteration.applicability.output-collection-enabled-types=\
			java.util.concurrent.ConcurrentHashMap$CollectionView;\
			java.util.Collections$SynchronizedCollection;\
			java.util.concurrent.CopyOnWriteArrayList;\
			java.util.concurrent.CopyOnWriteArraySet;\
			java.util.concurrent.BlockingQueue;\
			java.util.concurrent.ConcurrentSkipListSet;\
			java.util.concurrent.ConcurrentSkipListMap$EntrySet;\
			java.util.concurrent.ConcurrentSkipListMap$KeySet;\
			java.util.concurrent.ConcurrentSkipListMap$Values;
		jvm.driver.init=\
			false
		managed-logger.repository=\
			autodetect
		managed-logger.repository.enabled=\
			true
		managed-logger.repository.logging.warn.disabled-for=\
			org.burningwave.core.assembler.ComponentContainer$ClassLoader;\
			org.burningwave.core.classes.MemoryClassLoader;\
			org.burningwave.core.classes.PathScannerClassLoader;
		modules.export-all-to-all=\
			true
		resource-releaser.enabled=\
			true
		synchronizer.all-threads-monitoring.enabled=\
			false
		synchronizer.all-threads-monitoring.interval=\
			90000
		thread-supplier.default-daemon-flag-value=\
			true
		thread-supplier.default-thread-priority=\
			5
		thread-supplier.max-detached-thread-count=\
			${thread-supplier.max-poolable-thread-count}
		thread-supplier.max-detached-thread-count.elapsed-time-threshold-from-last-increase-for-gradual-decreasing-to-initial-value=\
			30000
		thread-supplier.max-detached-thread-count.increasing-step=\
			autodetect
		thread-supplier.max-poolable-thread-count=\
			autodetect
		thread-supplier.poolable-thread-request-timeout=\
			6000


2026-04-27 04:47:56,214 [main] INFO  o.b.core.jvm.BufferHandler - (BufferHandler.java:127) - default buffer size: 1024 bytes
2026-04-27 04:47:56,215 [main] INFO  o.b.core.jvm.BufferHandler - (BufferHandler.java:141) - default allocation mode: ByteBuffer::allocateDirect
2026-04-27 04:47:56,220 [main] INFO  org.burningwave.core.Cache - (Cache.java:76) - Building cache
2026-04-27 04:47:56,247 [main] INFO  o.b.c.a.StaticComponentContainer - (StaticComponentContainer.java:443) - org.burningwave.core.assembler.StaticComponentContainer initialized in 0.1457086 seconds
2026-04-27 04:48:00,885 [Worker-10: Loading available Gradle versions] INFO  o.e.b.c.i.u.g.PublishedGradleVersions - Gradle version information cache is up-to-date. Trying to read.
2026-04-27 04:53:57,691 [Worker-31: Launching Main] WARN  o.a.m.r.i.DefaultArtifactDescriptorReader - 6 problems were encountered while building the effective model for org.openjfx:javafx-controls:jar:21 during dependency collection step for project (use -X to see details)
2026-04-27 05:03:33,875 [Worker-31: Building] INFO  o.a.m.s.f.DefaultMavenResourcesFiltering - Copying 11 resources from src\main\resources to target\classes
2026-04-27 05:03:33,887 [Worker-31: Building] INFO  o.a.m.s.f.DefaultMavenResourcesFiltering - Copying 0 resource from src\test\resources to target\test-classes
2026-04-27 05:03:39,559 [Worker-31: Building] INFO  o.a.m.s.f.DefaultMavenResourcesFiltering - Copying 1 resource from src\main\resources to target\classes
2026-04-27 05:03:39,571 [Worker-31: Building] INFO  o.a.m.s.f.DefaultMavenResourcesFiltering - Copying 0 resource from src\test\resources to target\test-classes
2026-04-27 05:03:55,502 [Worker-1: Building] INFO  o.a.m.s.f.DefaultMavenResourcesFiltering - Copying 11 resources from src\main\resources to target\classes
2026-04-27 05:03:55,506 [Worker-1: Building] INFO  o.a.m.s.f.DefaultMavenResourcesFiltering - Copying 0 resource from src\test\resources to target\test-classes
2026-04-27 05:04:01,155 [Worker-31: Building] INFO  o.a.m.s.f.DefaultMavenResourcesFiltering - Copying 11 resources from src\main\resources to target\classes
2026-04-27 05:04:01,160 [Worker-31: Building] INFO  o.a.m.s.f.DefaultMavenResourcesFiltering - Copying 0 resource from src\test\resources to target\test-classes
2026-04-27 05:04:46,582 [Worker-37: Building] INFO  o.a.m.s.f.DefaultMavenResourcesFiltering - Copying 1 resource from src\main\resources to target\classes
2026-04-27 05:04:46,584 [Worker-37: Building] INFO  o.a.m.s.f.DefaultMavenResourcesFiltering - Copying 0 resource from src\test\resources to target\test-classes
2026-04-27 05:04:51,701 [Worker-42: Building] INFO  o.a.m.s.f.DefaultMavenResourcesFiltering - Copying 1 resource from src\main\resources to target\classes
2026-04-27 05:04:51,707 [Worker-42: Building] INFO  o.a.m.s.f.DefaultMavenResourcesFiltering - Copying 0 resource from src\test\resources to target\test-classes
2026-04-27 05:05:03,935 [Worker-42: Building] INFO  o.a.m.s.f.DefaultMavenResourcesFiltering - Copying 1 resource from src\main\resources to target\classes
2026-04-27 05:05:03,938 [Worker-42: Building] INFO  o.a.m.s.f.DefaultMavenResourcesFiltering - Copying 0 resource from src\test\resources to target\test-classes
2026-04-27 05:05:08,281 [Worker-31: Building] INFO  o.a.m.s.f.DefaultMavenResourcesFiltering - Copying 1 resource from src\main\resources to target\classes
2026-04-27 05:05:08,283 [Worker-31: Building] INFO  o.a.m.s.f.DefaultMavenResourcesFiltering - Copying 0 resource from src\test\resources to target\test-classes
2026-04-27 05:05:30,671 [Worker-37: Building] INFO  o.a.m.s.f.DefaultMavenResourcesFiltering - Copying 1 resource from src\main\resources to target\classes
2026-04-27 05:05:30,675 [Worker-37: Building] INFO  o.a.m.s.f.DefaultMavenResourcesFiltering - Copying 0 resource from src\test\resources to target\test-classes
2026-04-27 05:05:47,367 [Worker-37: Building] INFO  o.a.m.s.f.DefaultMavenResourcesFiltering - Copying 0 resource from src\main\resources to target\classes
2026-04-27 05:05:47,369 [Worker-37: Building] INFO  o.a.m.s.f.DefaultMavenResourcesFiltering - Copying 0 resource from src\test\resources to target\test-classes
2026-04-27 05:06:09,688 [Worker-41: Building] INFO  o.a.m.s.f.DefaultMavenResourcesFiltering - Copying 1 resource from src\main\resources to target\classes
2026-04-27 05:06:09,691 [Worker-41: Building] INFO  o.a.m.s.f.DefaultMavenResourcesFiltering - Copying 0 resource from src\test\resources to target\test-classes
2026-04-27 05:06:13,989 [Worker-37: Building] INFO  o.a.m.s.f.DefaultMavenResourcesFiltering - Copying 1 resource from src\main\resources to target\classes
2026-04-27 05:06:13,995 [Worker-37: Building] INFO  o.a.m.s.f.DefaultMavenResourcesFiltering - Copying 0 resource from src\test\resources to target\test-classes
2026-04-27 05:06:26,117 [Worker-37: Building] INFO  o.a.m.s.f.DefaultMavenResourcesFiltering - Copying 1 resource from src\main\resources to target\classes
2026-04-27 05:06:26,122 [Worker-37: Building] INFO  o.a.m.s.f.DefaultMavenResourcesFiltering - Copying 0 resource from src\test\resources to target\test-classes
2026-04-27 05:06:31,020 [Worker-31: Building] INFO  o.a.m.s.f.DefaultMavenResourcesFiltering - Copying 1 resource from src\main\resources to target\classes
2026-04-27 05:06:31,027 [Worker-31: Building] INFO  o.a.m.s.f.DefaultMavenResourcesFiltering - Copying 0 resource from src\test\resources to target\test-classes
2026-04-27 05:07:02,562 [Worker-35: Building] INFO  o.a.m.s.f.DefaultMavenResourcesFiltering - Copying 15 resources from src\main\resources to target\classes
2026-04-27 05:07:02,567 [Worker-35: Building] INFO  o.a.m.s.f.DefaultMavenResourcesFiltering - Copying 0 resource from src\test\resources to target\test-classes
2026-04-27 05:07:07,475 [Worker-31: Building] INFO  o.a.m.s.f.DefaultMavenResourcesFiltering - Copying 15 resources from src\main\resources to target\classes
2026-04-27 05:07:07,479 [Worker-31: Building] INFO  o.a.m.s.f.DefaultMavenResourcesFiltering - Copying 0 resource from src\test\resources to target\test-classes
2026-04-27 05:07:24,013 [Worker-41: Building] INFO  o.a.m.s.f.DefaultMavenResourcesFiltering - Copying 15 resources from src\main\resources to target\classes
2026-04-27 05:07:24,019 [Worker-41: Building] INFO  o.a.m.s.f.DefaultMavenResourcesFiltering - Copying 0 resource from src\test\resources to target\test-classes
2026-04-27 05:07:28,727 [Worker-31: Building] INFO  o.a.m.s.f.DefaultMavenResourcesFiltering - Copying 15 resources from src\main\resources to target\classes
2026-04-27 05:07:28,731 [Worker-31: Building] INFO  o.a.m.s.f.DefaultMavenResourcesFiltering - Copying 0 resource from src\test\resources to target\test-classes
2026-04-27 05:07:43,189 [Worker-42: Building] INFO  o.a.m.s.f.DefaultMavenResourcesFiltering - Copying 15 resources from src\main\resources to target\classes
2026-04-27 05:07:43,193 [Worker-42: Building] INFO  o.a.m.s.f.DefaultMavenResourcesFiltering - Copying 0 resource from src\test\resources to target\test-classes
2026-04-27 05:07:48,327 [Worker-33: Building] INFO  o.a.m.s.f.DefaultMavenResourcesFiltering - Copying 15 resources from src\main\resources to target\classes
2026-04-27 05:07:48,332 [Worker-33: Building] INFO  o.a.m.s.f.DefaultMavenResourcesFiltering - Copying 0 resource from src\test\resources to target\test-classes
2026-04-27 05:08:07,435 [Worker-1: Building] INFO  o.a.m.s.f.DefaultMavenResourcesFiltering - Copying 15 resources from src\main\resources to target\classes
2026-04-27 05:08:07,441 [Worker-1: Building] INFO  o.a.m.s.f.DefaultMavenResourcesFiltering - Copying 0 resource from src\test\resources to target\test-classes
2026-04-27 05:08:11,755 [Worker-37: Building] INFO  o.a.m.s.f.DefaultMavenResourcesFiltering - Copying 15 resources from src\main\resources to target\classes
2026-04-27 05:08:11,759 [Worker-37: Building] INFO  o.a.m.s.f.DefaultMavenResourcesFiltering - Copying 0 resource from src\test\resources to target\test-classes
2026-04-27 05:08:39,212 [Worker-37: Building] INFO  o.a.m.s.f.DefaultMavenResourcesFiltering - Copying 15 resources from src\main\resources to target\classes
2026-04-27 05:08:39,215 [Worker-37: Building] INFO  o.a.m.s.f.DefaultMavenResourcesFiltering - Copying 0 resource from src\test\resources to target\test-classes
2026-04-27 05:08:43,969 [Worker-35: Building] INFO  o.a.m.s.f.DefaultMavenResourcesFiltering - Copying 15 resources from src\main\resources to target\classes
2026-04-27 05:08:43,975 [Worker-35: Building] INFO  o.a.m.s.f.DefaultMavenResourcesFiltering - Copying 0 resource from src\test\resources to target\test-classes
2026-04-27 05:09:01,817 [Worker-31: Building] INFO  o.a.m.s.f.DefaultMavenResourcesFiltering - Copying 1 resource from src\main\resources to target\classes
2026-04-27 05:09:01,822 [Worker-31: Building] INFO  o.a.m.s.f.DefaultMavenResourcesFiltering - Copying 0 resource from src\test\resources to target\test-classes
2026-04-27 05:09:08,986 [Worker-37: Building] INFO  o.a.m.s.f.DefaultMavenResourcesFiltering - Copying 1 resource from src\main\resources to target\classes
2026-04-27 05:09:08,989 [Worker-37: Building] INFO  o.a.m.s.f.DefaultMavenResourcesFiltering - Copying 0 resource from src\test\resources to target\test-classes
2026-04-27 05:18:42,000 [Worker-43: Building] INFO  o.a.m.s.f.DefaultMavenResourcesFiltering - Copying 1 resource from src\main\resources to target\classes
2026-04-27 05:18:42,005 [Worker-43: Building] INFO  o.a.m.s.f.DefaultMavenResourcesFiltering - Copying 0 resource from src\test\resources to target\test-classes
2026-04-27 05:18:46,823 [Worker-41: Building] INFO  o.a.m.s.f.DefaultMavenResourcesFiltering - Copying 1 resource from src\main\resources to target\classes
2026-04-27 05:18:46,827 [Worker-41: Building] INFO  o.a.m.s.f.DefaultMavenResourcesFiltering - Copying 0 resource from src\test\resources to target\test-classes
2026-04-27 05:19:02,042 [Worker-41: Building] INFO  o.a.m.s.f.DefaultMavenResourcesFiltering - Copying 17 resources from src\main\resources to target\classes
2026-04-27 05:19:02,046 [Worker-41: Building] INFO  o.a.m.s.f.DefaultMavenResourcesFiltering - Copying 0 resource from src\test\resources to target\test-classes
2026-04-27 05:19:06,755 [Worker-43: Building] INFO  o.a.m.s.f.DefaultMavenResourcesFiltering - Copying 17 resources from src\main\resources to target\classes
2026-04-27 05:19:06,759 [Worker-43: Building] INFO  o.a.m.s.f.DefaultMavenResourcesFiltering - Copying 0 resource from src\test\resources to target\test-classes
2026-04-27 05:19:30,300 [Worker-31: Building] INFO  o.a.m.s.f.DefaultMavenResourcesFiltering - Copying 1 resource from src\main\resources to target\classes
2026-04-27 05:19:30,302 [Worker-31: Building] INFO  o.a.m.s.f.DefaultMavenResourcesFiltering - Copying 0 resource from src\test\resources to target\test-classes
2026-04-27 05:19:35,863 [Worker-31: Building] INFO  o.a.m.s.f.DefaultMavenResourcesFiltering - Copying 1 resource from src\main\resources to target\classes
2026-04-27 05:19:35,868 [Worker-31: Building] INFO  o.a.m.s.f.DefaultMavenResourcesFiltering - Copying 0 resource from src\test\resources to target\test-classes
2026-04-27 05:19:48,438 [Worker-31: Building] INFO  o.a.m.s.f.DefaultMavenResourcesFiltering - Copying 18 resources from src\main\resources to target\classes
2026-04-27 05:19:48,444 [Worker-31: Building] INFO  o.a.m.s.f.DefaultMavenResourcesFiltering - Copying 0 resource from src\test\resources to target\test-classes
2026-04-27 05:19:53,246 [Worker-33: Building] INFO  o.a.m.s.f.DefaultMavenResourcesFiltering - Copying 18 resources from src\main\resources to target\classes
2026-04-27 05:19:53,250 [Worker-33: Building] INFO  o.a.m.s.f.DefaultMavenResourcesFiltering - Copying 0 resource from src\test\resources to target\test-classes
2026-04-27 05:20:15,378 [Worker-43: Building] INFO  o.a.m.s.f.DefaultMavenResourcesFiltering - Copying 1 resource from src\main\resources to target\classes
2026-04-27 05:20:15,382 [Worker-43: Building] INFO  o.a.m.s.f.DefaultMavenResourcesFiltering - Copying 0 resource from src\test\resources to target\test-classes
2026-04-27 05:20:20,424 [Worker-44: Building] INFO  o.a.m.s.f.DefaultMavenResourcesFiltering - Copying 1 resource from src\main\resources to target\classes
2026-04-27 05:20:20,428 [Worker-44: Building] INFO  o.a.m.s.f.DefaultMavenResourcesFiltering - Copying 0 resource from src\test\resources to target\test-classes
2026-04-27 05:20:36,046 [Worker-43: Building] INFO  o.a.m.s.f.DefaultMavenResourcesFiltering - Copying 19 resources from src\main\resources to target\classes
2026-04-27 05:20:36,052 [Worker-43: Building] INFO  o.a.m.s.f.DefaultMavenResourcesFiltering - Copying 0 resource from src\test\resources to target\test-classes
2026-04-27 05:20:40,513 [Worker-43: Building] INFO  o.a.m.s.f.DefaultMavenResourcesFiltering - Copying 19 resources from src\main\resources to target\classes
2026-04-27 05:20:40,517 [Worker-43: Building] INFO  o.a.m.s.f.DefaultMavenResourcesFiltering - Copying 0 resource from src\test\resources to target\test-classes
2026-04-27 05:20:58,153 [Worker-43: Building] INFO  o.a.m.s.f.DefaultMavenResourcesFiltering - Copying 1 resource from src\main\resources to target\classes
2026-04-27 05:20:58,157 [Worker-43: Building] INFO  o.a.m.s.f.DefaultMavenResourcesFiltering - Copying 0 resource from src\test\resources to target\test-classes
2026-04-27 05:21:03,103 [Worker-41: Building] INFO  o.a.m.s.f.DefaultMavenResourcesFiltering - Copying 1 resource from src\main\resources to target\classes
2026-04-27 05:21:03,108 [Worker-41: Building] INFO  o.a.m.s.f.DefaultMavenResourcesFiltering - Copying 0 resource from src\test\resources to target\test-classes
2026-04-27 05:21:13,648 [Worker-44: Building] INFO  o.a.m.s.f.DefaultMavenResourcesFiltering - Copying 20 resources from src\main\resources to target\classes
2026-04-27 05:21:13,652 [Worker-44: Building] INFO  o.a.m.s.f.DefaultMavenResourcesFiltering - Copying 0 resource from src\test\resources to target\test-classes
2026-04-27 05:21:18,369 [Worker-31: Building] INFO  o.a.m.s.f.DefaultMavenResourcesFiltering - Copying 20 resources from src\main\resources to target\classes
2026-04-27 05:21:18,375 [Worker-31: Building] INFO  o.a.m.s.f.DefaultMavenResourcesFiltering - Copying 0 resource from src\test\resources to target\test-classes
2026-04-27 05:21:47,158 [Worker-44: Building] INFO  o.a.m.s.f.DefaultMavenResourcesFiltering - Copying 1 resource from src\main\resources to target\classes
2026-04-27 05:21:47,164 [Worker-44: Building] INFO  o.a.m.s.f.DefaultMavenResourcesFiltering - Copying 0 resource from src\test\resources to target\test-classes
2026-04-27 05:22:04,318 [Worker-43: Building] INFO  o.a.m.s.f.DefaultMavenResourcesFiltering - Copying 1 resource from src\main\resources to target\classes
2026-04-27 05:22:04,322 [Worker-43: Building] INFO  o.a.m.s.f.DefaultMavenResourcesFiltering - Copying 0 resource from src\test\resources to target\test-classes
2026-04-27 05:22:14,789 [Worker-41: Building] INFO  o.a.m.s.f.DefaultMavenResourcesFiltering - Copying 1 resource from src\main\resources to target\classes
2026-04-27 05:22:14,794 [Worker-41: Building] INFO  o.a.m.s.f.DefaultMavenResourcesFiltering - Copying 0 resource from src\test\resources to target\test-classes
2026-04-27 05:22:32,595 [Worker-43: Building] INFO  o.a.m.s.f.DefaultMavenResourcesFiltering - Copying 1 resource from src\main\resources to target\classes
2026-04-27 05:22:32,598 [Worker-43: Building] INFO  o.a.m.s.f.DefaultMavenResourcesFiltering - Copying 0 resource from src\test\resources to target\test-classes
2026-04-27 05:22:42,125 [Worker-44: Building] INFO  o.a.m.s.f.DefaultMavenResourcesFiltering - Copying 1 resource from src\main\resources to target\classes
2026-04-27 05:22:42,128 [Worker-44: Building] INFO  o.a.m.s.f.DefaultMavenResourcesFiltering - Copying 0 resource from src\test\resources to target\test-classes
2026-04-27 05:22:51,533 [Worker-31: Building] INFO  o.a.m.s.f.DefaultMavenResourcesFiltering - Copying 1 resource from src\main\resources to target\classes
2026-04-27 05:22:51,540 [Worker-31: Building] INFO  o.a.m.s.f.DefaultMavenResourcesFiltering - Copying 0 resource from src\test\resources to target\test-classes
2026-04-27 05:22:54,864 [Worker-44: Building] INFO  o.a.m.s.f.DefaultMavenResourcesFiltering - Copying 1 resource from src\main\resources to target\classes
2026-04-27 05:22:54,870 [Worker-44: Building] INFO  o.a.m.s.f.DefaultMavenResourcesFiltering - Copying 0 resource from src\test\resources to target\test-classes
2026-04-27 05:22:58,002 [Worker-44: Building] INFO  o.a.m.s.f.DefaultMavenResourcesFiltering - Copying 1 resource from src\main\resources to target\classes
2026-04-27 05:22:58,007 [Worker-44: Building] INFO  o.a.m.s.f.DefaultMavenResourcesFiltering - Copying 0 resource from src\test\resources to target\test-classes
2026-04-27 05:23:17,993 [Worker-44: Building] INFO  o.a.m.s.f.DefaultMavenResourcesFiltering - Copying 24 resources from src\main\resources to target\classes
2026-04-27 05:23:17,998 [Worker-44: Building] INFO  o.a.m.s.f.DefaultMavenResourcesFiltering - Copying 0 resource from src\test\resources to target\test-classes
2026-04-27 05:23:30,391 [Worker-31: Building] INFO  o.a.m.s.f.DefaultMavenResourcesFiltering - Copying 24 resources from src\main\resources to target\classes
2026-04-27 05:23:30,398 [Worker-31: Building] INFO  o.a.m.s.f.DefaultMavenResourcesFiltering - Copying 0 resource from src\test\resources to target\test-classes
2026-04-27 05:23:38,623 [Worker-33: Building] INFO  o.a.m.s.f.DefaultMavenResourcesFiltering - Copying 24 resources from src\main\resources to target\classes
2026-04-27 05:23:38,629 [Worker-33: Building] INFO  o.a.m.s.f.DefaultMavenResourcesFiltering - Copying 0 resource from src\test\resources to target\test-classes
2026-04-27 05:23:51,486 [Worker-31: Building] INFO  o.a.m.s.f.DefaultMavenResourcesFiltering - Copying 24 resources from src\main\resources to target\classes
2026-04-27 05:23:51,491 [Worker-31: Building] INFO  o.a.m.s.f.DefaultMavenResourcesFiltering - Copying 0 resource from src\test\resources to target\test-classes
2026-04-27 05:24:14,476 [Worker-41: Building] INFO  o.a.m.s.f.DefaultMavenResourcesFiltering - Copying 24 resources from src\main\resources to target\classes
2026-04-27 05:24:14,486 [Worker-41: Building] INFO  o.a.m.s.f.DefaultMavenResourcesFiltering - Copying 0 resource from src\test\resources to target\test-classes
2026-04-27 05:24:59,410 [Worker-45: Building] INFO  o.a.m.s.f.DefaultMavenResourcesFiltering - Copying 24 resources from src\main\resources to target\classes
2026-04-27 05:24:59,415 [Worker-45: Building] INFO  o.a.m.s.f.DefaultMavenResourcesFiltering - Copying 0 resource from src\test\resources to target\test-classes
2026-04-27 05:25:13,873 [Worker-33: Building] INFO  o.a.m.s.f.DefaultMavenResourcesFiltering - Copying 24 resources from src\main\resources to target\classes
2026-04-27 05:25:13,879 [Worker-33: Building] INFO  o.a.m.s.f.DefaultMavenResourcesFiltering - Copying 0 resource from src\test\resources to target\test-classes
2026-04-27 05:25:25,352 [Worker-45: Building] INFO  o.a.m.s.f.DefaultMavenResourcesFiltering - Copying 24 resources from src\main\resources to target\classes
2026-04-27 05:25:25,357 [Worker-45: Building] INFO  o.a.m.s.f.DefaultMavenResourcesFiltering - Copying 0 resource from src\test\resources to target\test-classes
2026-04-27 05:25:34,486 [Worker-41: Building] INFO  o.a.m.s.f.DefaultMavenResourcesFiltering - Copying 24 resources from src\main\resources to target\classes
2026-04-27 05:25:34,494 [Worker-41: Building] INFO  o.a.m.s.f.DefaultMavenResourcesFiltering - Copying 0 resource from src\test\resources to target\test-classes
2026-04-27 05:25:43,770 [Worker-33: Building] INFO  o.a.m.s.f.DefaultMavenResourcesFiltering - Copying 24 resources from src\main\resources to target\classes
2026-04-27 05:25:43,774 [Worker-33: Building] INFO  o.a.m.s.f.DefaultMavenResourcesFiltering - Copying 0 resource from src\test\resources to target\test-classes
2026-04-27 05:25:46,162 [Worker-44: Building] INFO  o.a.m.s.f.DefaultMavenResourcesFiltering - Copying 24 resources from src\main\resources to target\classes
2026-04-27 05:25:46,167 [Worker-44: Building] INFO  o.a.m.s.f.DefaultMavenResourcesFiltering - Copying 0 resource from src\test\resources to target\test-classes
2026-04-27 05:33:44,767 [Burningwave - Resource releaser] INFO  o.b.c.a.StaticComponentContainer - (StaticComponentContainer.java:391) - ... Waiting for all tasks ending
2026-04-27 05:33:44,771 [Burningwave - Resource releaser] INFO  o.b.c.a.StaticComponentContainer - (StaticComponentContainer.java:397) - Closing all component containers
2026-04-27 05:33:44,776 [Burningwave - Resource releaser] INFO  o.b.c.a.StaticComponentContainer - (StaticComponentContainer.java:403) - Closing FileSystemHelper
2026-04-27 05:33:44,779 [Burningwave - Resource releaser] INFO  o.b.c.a.StaticComponentContainer - (StaticComponentContainer.java:409) - ... Waiting for all tasks ending before shutting down the BackgroundExecutor
2026-04-27 05:33:44,780 [Burningwave - Resource releaser] INFO  o.b.c.a.StaticComponentContainer - (StaticComponentContainer.java:414) - Shutting down BackgroundExecutor
2026-04-27 05:33:44,784 [Burningwave - Resource releaser] INFO  o.b.c.a.StaticComponentContainer - (StaticComponentContainer.java:420) - Stopping all threads monitoring thread
2026-04-27 05:33:44,786 [Burningwave - Resource releaser] INFO  o.b.c.a.StaticComponentContainer - (StaticComponentContainer.java:425) - Closing ThreadHolder
2026-04-27 05:33:44,788 [Burningwave - Resource releaser] INFO  o.b.c.a.StaticComponentContainer - (StaticComponentContainer.java:430) - Shutting down ThreadSupplier
2026-04-27 22:57:21,854 [main] INFO  o.b.c.a.StaticComponentContainer - (StaticComponentContainer.java:368) - Instantiated org.burningwave.core.SLF4JManagedLoggerRepository
2026-04-27 22:57:21,857 [main] INFO  o.b.c.a.StaticComponentContainer - (StaticComponentContainer.java:369) - 

	Configuration values for static components:

		background-executor.all-tasks-monitoring.enabled=\
			true
		background-executor.all-tasks-monitoring.interval=\
			30000
		background-executor.all-tasks-monitoring.logger.enabled=\
			false
		background-executor.all-tasks-monitoring.minimum-elapsed-time-to-consider-a-task-as-probable-dead-locked=\
			300000
		background-executor.all-tasks-monitoring.probable-dead-locked-tasks-handling.policy=\
			log only
		background-executor.queued-task-executor[0].name=\
			Low priority tasks
		background-executor.queued-task-executor[0].priority=\
			1
		background-executor.queued-task-executor[1].name=\
			Normal priority tasks
		background-executor.queued-task-executor[1].priority=\
			5
		background-executor.queued-task-executor[2].name=\
			High priority tasks
		background-executor.queued-task-executor[2].priority=\
			10
		background-executor.task-creation-tracking.enabled=\
			${background-executor.all-tasks-monitoring.enabled}
		banner.additonal-informations=\
			${Implementation-Title} ${Implementation-Version}
		banner.additonal-informations.retrieve-from-manifest-file-with-implementation-title=\
			Burningwave Core
		banner.file=\
			org/burningwave/banner.bwb
		banner.hide=\
			true
		buffer-handler.default-allocation-mode=\
			ByteBuffer::allocateDirect
		buffer-handler.default-buffer-size=\
			1024
		group-name-for-named-elements=\
			Burningwave
		iterable-object-helper.default-values-separator=\
			;
		iterable-object-helper.parallel-iteration.applicability.default-minimum-collection-size=\
			2
		iterable-object-helper.parallel-iteration.applicability.max-runtime-thread-count-threshold=\
			autodetect
		iterable-object-helper.parallel-iteration.applicability.output-collection-enabled-types=\
			java.util.concurrent.ConcurrentHashMap$CollectionView;\
			java.util.Collections$SynchronizedCollection;\
			java.util.concurrent.CopyOnWriteArrayList;\
			java.util.concurrent.CopyOnWriteArraySet;\
			java.util.concurrent.BlockingQueue;\
			java.util.concurrent.ConcurrentSkipListSet;\
			java.util.concurrent.ConcurrentSkipListMap$EntrySet;\
			java.util.concurrent.ConcurrentSkipListMap$KeySet;\
			java.util.concurrent.ConcurrentSkipListMap$Values;
		jvm.driver.init=\
			false
		managed-logger.repository=\
			autodetect
		managed-logger.repository.enabled=\
			true
		managed-logger.repository.logging.warn.disabled-for=\
			org.burningwave.core.assembler.ComponentContainer$ClassLoader;\
			org.burningwave.core.classes.MemoryClassLoader;\
			org.burningwave.core.classes.PathScannerClassLoader;
		modules.export-all-to-all=\
			true
		resource-releaser.enabled=\
			true
		synchronizer.all-threads-monitoring.enabled=\
			false
		synchronizer.all-threads-monitoring.interval=\
			90000
		thread-supplier.default-daemon-flag-value=\
			true
		thread-supplier.default-thread-priority=\
			5
		thread-supplier.max-detached-thread-count=\
			${thread-supplier.max-poolable-thread-count}
		thread-supplier.max-detached-thread-count.elapsed-time-threshold-from-last-increase-for-gradual-decreasing-to-initial-value=\
			30000
		thread-supplier.max-detached-thread-count.increasing-step=\
			autodetect
		thread-supplier.max-poolable-thread-count=\
			autodetect
		thread-supplier.poolable-thread-request-timeout=\
			6000


2026-04-27 22:57:21,860 [main] INFO  o.b.core.jvm.BufferHandler - (BufferHandler.java:127) - default buffer size: 1024 bytes
2026-04-27 22:57:21,861 [main] INFO  o.b.core.jvm.BufferHandler - (BufferHandler.java:141) - default allocation mode: ByteBuffer::allocateDirect
2026-04-27 22:57:21,864 [main] INFO  org.burningwave.core.Cache - (Cache.java:76) - Building cache
2026-04-27 22:57:21,884 [main] INFO  o.b.c.a.StaticComponentContainer - (StaticComponentContainer.java:443) - org.burningwave.core.assembler.StaticComponentContainer initialized in 0.1047006 seconds
2026-04-27 22:57:26,333 [Worker-8: Loading available Gradle versions] INFO  o.e.b.c.i.u.g.PublishedGradleVersions - Gradle version information cache is out-of-date. Trying to update.
2026-04-27 23:00:50,309 [Burningwave - Resource releaser] INFO  o.b.c.a.StaticComponentContainer - (StaticComponentContainer.java:391) - ... Waiting for all tasks ending
2026-04-27 23:00:50,312 [Burningwave - Resource releaser] INFO  o.b.c.a.StaticComponentContainer - (StaticComponentContainer.java:397) - Closing all component containers
2026-04-27 23:00:50,315 [Burningwave - Resource releaser] INFO  o.b.c.a.StaticComponentContainer - (StaticComponentContainer.java:403) - Closing FileSystemHelper
2026-04-27 23:00:50,317 [Burningwave - Resource releaser] INFO  o.b.c.a.StaticComponentContainer - (StaticComponentContainer.java:409) - ... Waiting for all tasks ending before shutting down the BackgroundExecutor
2026-04-27 23:00:50,318 [Burningwave - Resource releaser] INFO  o.b.c.a.StaticComponentContainer - (StaticComponentContainer.java:414) - Shutting down BackgroundExecutor
2026-04-27 23:00:50,320 [Burningwave - Resource releaser] INFO  o.b.c.a.StaticComponentContainer - (StaticComponentContainer.java:420) - Stopping all threads monitoring thread
2026-04-27 23:00:50,321 [Burningwave - Resource releaser] INFO  o.b.c.a.StaticComponentContainer - (StaticComponentContainer.java:425) - Closing ThreadHolder
2026-04-27 23:00:50,323 [Burningwave - Resource releaser] INFO  o.b.c.a.StaticComponentContainer - (StaticComponentContainer.java:430) - Shutting down ThreadSupplier
2026-04-28 13:30:43,057 [main] INFO  o.b.c.a.StaticComponentContainer - (StaticComponentContainer.java:368) - Instantiated org.burningwave.core.SLF4JManagedLoggerRepository
2026-04-28 13:30:43,060 [main] INFO  o.b.c.a.StaticComponentContainer - (StaticComponentContainer.java:369) - 

	Configuration values for static components:

		background-executor.all-tasks-monitoring.enabled=\
			true
		background-executor.all-tasks-monitoring.interval=\
			30000
		background-executor.all-tasks-monitoring.logger.enabled=\
			false
		background-executor.all-tasks-monitoring.minimum-elapsed-time-to-consider-a-task-as-probable-dead-locked=\
			300000
		background-executor.all-tasks-monitoring.probable-dead-locked-tasks-handling.policy=\
			log only
		background-executor.queued-task-executor[0].name=\
			Low priority tasks
		background-executor.queued-task-executor[0].priority=\
			1
		background-executor.queued-task-executor[1].name=\
			Normal priority tasks
		background-executor.queued-task-executor[1].priority=\
			5
		background-executor.queued-task-executor[2].name=\
			High priority tasks
		background-executor.queued-task-executor[2].priority=\
			10
		background-executor.task-creation-tracking.enabled=\
			${background-executor.all-tasks-monitoring.enabled}
		banner.additonal-informations=\
			${Implementation-Title} ${Implementation-Version}
		banner.additonal-informations.retrieve-from-manifest-file-with-implementation-title=\
			Burningwave Core
		banner.file=\
			org/burningwave/banner.bwb
		banner.hide=\
			true
		buffer-handler.default-allocation-mode=\
			ByteBuffer::allocateDirect
		buffer-handler.default-buffer-size=\
			1024
		group-name-for-named-elements=\
			Burningwave
		iterable-object-helper.default-values-separator=\
			;
		iterable-object-helper.parallel-iteration.applicability.default-minimum-collection-size=\
			2
		iterable-object-helper.parallel-iteration.applicability.max-runtime-thread-count-threshold=\
			autodetect
		iterable-object-helper.parallel-iteration.applicability.output-collection-enabled-types=\
			java.util.concurrent.ConcurrentHashMap$CollectionView;\
			java.util.Collections$SynchronizedCollection;\
			java.util.concurrent.CopyOnWriteArrayList;\
			java.util.concurrent.CopyOnWriteArraySet;\
			java.util.concurrent.BlockingQueue;\
			java.util.concurrent.ConcurrentSkipListSet;\
			java.util.concurrent.ConcurrentSkipListMap$EntrySet;\
			java.util.concurrent.ConcurrentSkipListMap$KeySet;\
			java.util.concurrent.ConcurrentSkipListMap$Values;
		jvm.driver.init=\
			false
		managed-logger.repository=\
			autodetect
		managed-logger.repository.enabled=\
			true
		managed-logger.repository.logging.warn.disabled-for=\
			org.burningwave.core.assembler.ComponentContainer$ClassLoader;\
			org.burningwave.core.classes.MemoryClassLoader;\
			org.burningwave.core.classes.PathScannerClassLoader;
		modules.export-all-to-all=\
			true
		resource-releaser.enabled=\
			true
		synchronizer.all-threads-monitoring.enabled=\
			false
		synchronizer.all-threads-monitoring.interval=\
			90000
		thread-supplier.default-daemon-flag-value=\
			true
		thread-supplier.default-thread-priority=\
			5
		thread-supplier.max-detached-thread-count=\
			${thread-supplier.max-poolable-thread-count}
		thread-supplier.max-detached-thread-count.elapsed-time-threshold-from-last-increase-for-gradual-decreasing-to-initial-value=\
			30000
		thread-supplier.max-detached-thread-count.increasing-step=\
			autodetect
		thread-supplier.max-poolable-thread-count=\
			autodetect
		thread-supplier.poolable-thread-request-timeout=\
			6000


2026-04-28 13:30:43,062 [main] INFO  o.b.core.jvm.BufferHandler - (BufferHandler.java:127) - default buffer size: 1024 bytes
2026-04-28 13:30:43,063 [main] INFO  o.b.core.jvm.BufferHandler - (BufferHandler.java:141) - default allocation mode: ByteBuffer::allocateDirect
2026-04-28 13:30:43,068 [main] INFO  org.burningwave.core.Cache - (Cache.java:76) - Building cache
2026-04-28 13:30:43,094 [main] INFO  o.b.c.a.StaticComponentContainer - (StaticComponentContainer.java:443) - org.burningwave.core.assembler.StaticComponentContainer initialized in 0.1286543 seconds
2026-04-28 13:30:46,845 [Worker-2: Loading available Gradle versions] INFO  o.e.b.c.i.u.g.PublishedGradleVersions - Gradle version information cache is up-to-date. Trying to read.
2026-04-28 13:31:07,976 [Worker-12: Launching Main] WARN  o.a.m.r.i.DefaultArtifactDescriptorReader - 6 problems were encountered while building the effective model for org.openjfx:javafx-controls:jar:21 during dependency collection step for project (use -X to see details)
2026-04-28 13:31:08,521 [Worker-12: Launching Main] INFO  o.a.m.s.f.DefaultMavenResourcesFiltering - Copying 24 resources from src\main\resources to target\classes
2026-04-28 13:31:08,548 [Worker-12: Launching Main] INFO  o.a.m.s.f.DefaultMavenResourcesFiltering - Copying 0 resource from src\test\resources to target\test-classes
2026-04-28 13:42:37,967 [Worker-28: Building] INFO  o.a.m.s.f.DefaultMavenResourcesFiltering - Copying 1 resource from src\main\resources to target\classes
2026-04-28 13:42:37,997 [Worker-28: Building] INFO  o.a.m.s.f.DefaultMavenResourcesFiltering - Copying 0 resource from src\test\resources to target\test-classes
2026-04-28 13:43:23,043 [Worker-26: Building] INFO  o.a.m.s.f.DefaultMavenResourcesFiltering - Copying 24 resources from src\main\resources to target\classes
2026-04-28 13:43:23,055 [Worker-26: Building] INFO  o.a.m.s.f.DefaultMavenResourcesFiltering - Copying 0 resource from src\test\resources to target\test-classes
2026-04-28 13:46:44,849 [Worker-28: Building] INFO  o.a.m.s.f.DefaultMavenResourcesFiltering - Copying 1 resource from src\main\resources to target\classes
2026-04-28 13:46:44,853 [Worker-28: Building] INFO  o.a.m.s.f.DefaultMavenResourcesFiltering - Copying 0 resource from src\test\resources to target\test-classes
2026-04-28 13:47:03,339 [Worker-22: Building] INFO  o.a.m.s.f.DefaultMavenResourcesFiltering - Copying 24 resources from src\main\resources to target\classes
2026-04-28 13:47:03,345 [Worker-22: Building] INFO  o.a.m.s.f.DefaultMavenResourcesFiltering - Copying 0 resource from src\test\resources to target\test-classes
2026-04-28 13:47:18,874 [Worker-28: Building] INFO  o.a.m.s.f.DefaultMavenResourcesFiltering - Copying 1 resource from src\main\resources to target\classes
2026-04-28 13:47:18,880 [Worker-28: Building] INFO  o.a.m.s.f.DefaultMavenResourcesFiltering - Copying 0 resource from src\test\resources to target\test-classes
2026-04-28 13:47:30,977 [Worker-6: Building] INFO  o.a.m.s.f.DefaultMavenResourcesFiltering - Copying 24 resources from src\main\resources to target\classes
2026-04-28 13:47:30,982 [Worker-6: Building] INFO  o.a.m.s.f.DefaultMavenResourcesFiltering - Copying 0 resource from src\test\resources to target\test-classes
2026-04-28 13:47:48,526 [Worker-28: Building] INFO  o.a.m.s.f.DefaultMavenResourcesFiltering - Copying 1 resource from src\main\resources to target\classes
2026-04-28 13:47:48,530 [Worker-28: Building] INFO  o.a.m.s.f.DefaultMavenResourcesFiltering - Copying 0 resource from src\test\resources to target\test-classes
2026-04-28 13:48:06,525 [Worker-6: Building] INFO  o.a.m.s.f.DefaultMavenResourcesFiltering - Copying 24 resources from src\main\resources to target\classes
2026-04-28 13:48:06,533 [Worker-6: Building] INFO  o.a.m.s.f.DefaultMavenResourcesFiltering - Copying 0 resource from src\test\resources to target\test-classes
2026-04-28 13:50:33,061 [Worker-7: Building] INFO  o.a.m.s.f.DefaultMavenResourcesFiltering - Copying 1 resource from src\main\resources to target\classes
2026-04-28 13:50:33,067 [Worker-7: Building] INFO  o.a.m.s.f.DefaultMavenResourcesFiltering - Copying 0 resource from src\test\resources to target\test-classes
2026-04-28 13:50:49,215 [Worker-41: Building] INFO  o.a.m.s.f.DefaultMavenResourcesFiltering - Copying 24 resources from src\main\resources to target\classes
2026-04-28 13:50:49,222 [Worker-41: Building] INFO  o.a.m.s.f.DefaultMavenResourcesFiltering - Copying 0 resource from src\test\resources to target\test-classes
2026-04-28 13:51:22,571 [Worker-7: Building] INFO  o.a.m.s.f.DefaultMavenResourcesFiltering - Copying 24 resources from src\main\resources to target\classes
2026-04-28 13:51:22,579 [Worker-7: Building] INFO  o.a.m.s.f.DefaultMavenResourcesFiltering - Copying 0 resource from src\test\resources to target\test-classes
2026-04-28 13:51:28,089 [Worker-42: Building] INFO  o.a.m.s.f.DefaultMavenResourcesFiltering - Copying 24 resources from src\main\resources to target\classes
2026-04-28 13:51:28,094 [Worker-42: Building] INFO  o.a.m.s.f.DefaultMavenResourcesFiltering - Copying 0 resource from src\test\resources to target\test-classes
2026-04-28 13:51:49,000 [Worker-41: Building] INFO  o.a.m.s.f.DefaultMavenResourcesFiltering - Copying 1 resource from src\main\resources to target\classes
2026-04-28 13:51:49,007 [Worker-41: Building] INFO  o.a.m.s.f.DefaultMavenResourcesFiltering - Copying 0 resource from src\test\resources to target\test-classes
2026-04-28 13:51:55,480 [Worker-28: Building] INFO  o.a.m.s.f.DefaultMavenResourcesFiltering - Copying 1 resource from src\main\resources to target\classes
2026-04-28 13:51:55,485 [Worker-28: Building] INFO  o.a.m.s.f.DefaultMavenResourcesFiltering - Copying 0 resource from src\test\resources to target\test-classes
2026-04-28 13:52:17,355 [Worker-41: Building] INFO  o.a.m.s.f.DefaultMavenResourcesFiltering - Copying 25 resources from src\main\resources to target\classes
2026-04-28 13:52:17,363 [Worker-41: Building] INFO  o.a.m.s.f.DefaultMavenResourcesFiltering - Copying 0 resource from src\test\resources to target\test-classes
2026-04-28 13:52:26,462 [Worker-7: Building] INFO  o.a.m.s.f.DefaultMavenResourcesFiltering - Copying 25 resources from src\main\resources to target\classes
2026-04-28 13:52:26,468 [Worker-7: Building] INFO  o.a.m.s.f.DefaultMavenResourcesFiltering - Copying 0 resource from src\test\resources to target\test-classes
2026-04-28 13:53:47,090 [Burningwave - Resource releaser] INFO  o.b.c.a.StaticComponentContainer - (StaticComponentContainer.java:391) - ... Waiting for all tasks ending
2026-04-28 13:53:47,092 [Burningwave - Resource releaser] INFO  o.b.c.a.StaticComponentContainer - (StaticComponentContainer.java:397) - Closing all component containers
2026-04-28 13:53:47,096 [Burningwave - Resource releaser] INFO  o.b.c.a.StaticComponentContainer - (StaticComponentContainer.java:403) - Closing FileSystemHelper
2026-04-28 13:53:47,099 [Burningwave - Resource releaser] INFO  o.b.c.a.StaticComponentContainer - (StaticComponentContainer.java:409) - ... Waiting for all tasks ending before shutting down the BackgroundExecutor
2026-04-28 13:53:47,101 [Burningwave - Resource releaser] INFO  o.b.c.a.StaticComponentContainer - (StaticComponentContainer.java:414) - Shutting down BackgroundExecutor
2026-04-28 13:53:47,103 [Burningwave - Resource releaser] INFO  o.b.c.a.StaticComponentContainer - (StaticComponentContainer.java:420) - Stopping all threads monitoring thread
2026-04-28 13:53:47,104 [Burningwave - Resource releaser] INFO  o.b.c.a.StaticComponentContainer - (StaticComponentContainer.java:425) - Closing ThreadHolder
2026-04-28 13:53:47,106 [Burningwave - Resource releaser] INFO  o.b.c.a.StaticComponentContainer - (StaticComponentContainer.java:430) - Shutting down ThreadSupplier
2026-04-28 14:24:02,217 [main] INFO  o.b.c.a.StaticComponentContainer - (StaticComponentContainer.java:368) - Instantiated org.burningwave.core.SLF4JManagedLoggerRepository
2026-04-28 14:24:02,221 [main] INFO  o.b.c.a.StaticComponentContainer - (StaticComponentContainer.java:369) - 

	Configuration values for static components:

		background-executor.all-tasks-monitoring.enabled=\
			true
		background-executor.all-tasks-monitoring.interval=\
			30000
		background-executor.all-tasks-monitoring.logger.enabled=\
			false
		background-executor.all-tasks-monitoring.minimum-elapsed-time-to-consider-a-task-as-probable-dead-locked=\
			300000
		background-executor.all-tasks-monitoring.probable-dead-locked-tasks-handling.policy=\
			log only
		background-executor.queued-task-executor[0].name=\
			Low priority tasks
		background-executor.queued-task-executor[0].priority=\
			1
		background-executor.queued-task-executor[1].name=\
			Normal priority tasks
		background-executor.queued-task-executor[1].priority=\
			5
		background-executor.queued-task-executor[2].name=\
			High priority tasks
		background-executor.queued-task-executor[2].priority=\
			10
		background-executor.task-creation-tracking.enabled=\
			${background-executor.all-tasks-monitoring.enabled}
		banner.additonal-informations=\
			${Implementation-Title} ${Implementation-Version}
		banner.additonal-informations.retrieve-from-manifest-file-with-implementation-title=\
			Burningwave Core
		banner.file=\
			org/burningwave/banner.bwb
		banner.hide=\
			true
		buffer-handler.default-allocation-mode=\
			ByteBuffer::allocateDirect
		buffer-handler.default-buffer-size=\
			1024
		group-name-for-named-elements=\
			Burningwave
		iterable-object-helper.default-values-separator=\
			;
		iterable-object-helper.parallel-iteration.applicability.default-minimum-collection-size=\
			2
		iterable-object-helper.parallel-iteration.applicability.max-runtime-thread-count-threshold=\
			autodetect
		iterable-object-helper.parallel-iteration.applicability.output-collection-enabled-types=\
			java.util.concurrent.ConcurrentHashMap$CollectionView;\
			java.util.Collections$SynchronizedCollection;\
			java.util.concurrent.CopyOnWriteArrayList;\
			java.util.concurrent.CopyOnWriteArraySet;\
			java.util.concurrent.BlockingQueue;\
			java.util.concurrent.ConcurrentSkipListSet;\
			java.util.concurrent.ConcurrentSkipListMap$EntrySet;\
			java.util.concurrent.ConcurrentSkipListMap$KeySet;\
			java.util.concurrent.ConcurrentSkipListMap$Values;
		jvm.driver.init=\
			false
		managed-logger.repository=\
			autodetect
		managed-logger.repository.enabled=\
			true
		managed-logger.repository.logging.warn.disabled-for=\
			org.burningwave.core.assembler.ComponentContainer$ClassLoader;\
			org.burningwave.core.classes.MemoryClassLoader;\
			org.burningwave.core.classes.PathScannerClassLoader;
		modules.export-all-to-all=\
			true
		resource-releaser.enabled=\
			true
		synchronizer.all-threads-monitoring.enabled=\
			false
		synchronizer.all-threads-monitoring.interval=\
			90000
		thread-supplier.default-daemon-flag-value=\
			true
		thread-supplier.default-thread-priority=\
			5
		thread-supplier.max-detached-thread-count=\
			${thread-supplier.max-poolable-thread-count}
		thread-supplier.max-detached-thread-count.elapsed-time-threshold-from-last-increase-for-gradual-decreasing-to-initial-value=\
			30000
		thread-supplier.max-detached-thread-count.increasing-step=\
			autodetect
		thread-supplier.max-poolable-thread-count=\
			autodetect
		thread-supplier.poolable-thread-request-timeout=\
			6000


2026-04-28 14:24:02,225 [main] INFO  o.b.core.jvm.BufferHandler - (BufferHandler.java:127) - default buffer size: 1024 bytes
2026-04-28 14:24:02,226 [main] INFO  o.b.core.jvm.BufferHandler - (BufferHandler.java:141) - default allocation mode: ByteBuffer::allocateDirect
2026-04-28 14:24:02,232 [main] INFO  org.burningwave.core.Cache - (Cache.java:76) - Building cache
2026-04-28 14:24:02,267 [main] INFO  o.b.c.a.StaticComponentContainer - (StaticComponentContainer.java:443) - org.burningwave.core.assembler.StaticComponentContainer initialized in 0.143115 seconds
2026-04-28 14:24:07,007 [Worker-9: Loading available Gradle versions] INFO  o.e.b.c.i.u.g.PublishedGradleVersions - Gradle version information cache is up-to-date. Trying to read.
2026-04-28 14:46:05,590 [Burningwave - Resource releaser] INFO  o.b.c.a.StaticComponentContainer - (StaticComponentContainer.java:391) - ... Waiting for all tasks ending
2026-04-28 14:46:05,592 [Burningwave - Resource releaser] INFO  o.b.c.a.StaticComponentContainer - (StaticComponentContainer.java:397) - Closing all component containers
2026-04-28 14:46:05,595 [Burningwave - Resource releaser] INFO  o.b.c.a.StaticComponentContainer - (StaticComponentContainer.java:403) - Closing FileSystemHelper
2026-04-28 14:46:05,596 [Burningwave - Resource releaser] INFO  o.b.c.a.StaticComponentContainer - (StaticComponentContainer.java:409) - ... Waiting for all tasks ending before shutting down the BackgroundExecutor
2026-04-28 14:46:05,596 [Burningwave - Resource releaser] INFO  o.b.c.a.StaticComponentContainer - (StaticComponentContainer.java:414) - Shutting down BackgroundExecutor
2026-04-28 14:46:05,599 [Burningwave - Resource releaser] INFO  o.b.c.a.StaticComponentContainer - (StaticComponentContainer.java:420) - Stopping all threads monitoring thread
2026-04-28 14:46:05,600 [Burningwave - Resource releaser] INFO  o.b.c.a.StaticComponentContainer - (StaticComponentContainer.java:425) - Closing ThreadHolder
2026-04-28 14:46:05,601 [Burningwave - Resource releaser] INFO  o.b.c.a.StaticComponentContainer - (StaticComponentContainer.java:430) - Shutting down ThreadSupplier
2026-05-01 14:35:13,923 [main] INFO  o.b.c.a.StaticComponentContainer - (StaticComponentContainer.java:368) - Instantiated org.burningwave.core.SLF4JManagedLoggerRepository
2026-05-01 14:35:13,927 [main] INFO  o.b.c.a.StaticComponentContainer - (StaticComponentContainer.java:369) - 

	Configuration values for static components:

		background-executor.all-tasks-monitoring.enabled=\
			true
		background-executor.all-tasks-monitoring.interval=\
			30000
		background-executor.all-tasks-monitoring.logger.enabled=\
			false
		background-executor.all-tasks-monitoring.minimum-elapsed-time-to-consider-a-task-as-probable-dead-locked=\
			300000
		background-executor.all-tasks-monitoring.probable-dead-locked-tasks-handling.policy=\
			log only
		background-executor.queued-task-executor[0].name=\
			Low priority tasks
		background-executor.queued-task-executor[0].priority=\
			1
		background-executor.queued-task-executor[1].name=\
			Normal priority tasks
		background-executor.queued-task-executor[1].priority=\
			5
		background-executor.queued-task-executor[2].name=\
			High priority tasks
		background-executor.queued-task-executor[2].priority=\
			10
		background-executor.task-creation-tracking.enabled=\
			${background-executor.all-tasks-monitoring.enabled}
		banner.additonal-informations=\
			${Implementation-Title} ${Implementation-Version}
		banner.additonal-informations.retrieve-from-manifest-file-with-implementation-title=\
			Burningwave Core
		banner.file=\
			org/burningwave/banner.bwb
		banner.hide=\
			true
		buffer-handler.default-allocation-mode=\
			ByteBuffer::allocateDirect
		buffer-handler.default-buffer-size=\
			1024
		group-name-for-named-elements=\
			Burningwave
		iterable-object-helper.default-values-separator=\
			;
		iterable-object-helper.parallel-iteration.applicability.default-minimum-collection-size=\
			2
		iterable-object-helper.parallel-iteration.applicability.max-runtime-thread-count-threshold=\
			autodetect
		iterable-object-helper.parallel-iteration.applicability.output-collection-enabled-types=\
			java.util.concurrent.ConcurrentHashMap$CollectionView;\
			java.util.Collections$SynchronizedCollection;\
			java.util.concurrent.CopyOnWriteArrayList;\
			java.util.concurrent.CopyOnWriteArraySet;\
			java.util.concurrent.BlockingQueue;\
			java.util.concurrent.ConcurrentSkipListSet;\
			java.util.concurrent.ConcurrentSkipListMap$EntrySet;\
			java.util.concurrent.ConcurrentSkipListMap$KeySet;\
			java.util.concurrent.ConcurrentSkipListMap$Values;
		jvm.driver.init=\
			false
		managed-logger.repository=\
			autodetect
		managed-logger.repository.enabled=\
			true
		managed-logger.repository.logging.warn.disabled-for=\
			org.burningwave.core.assembler.ComponentContainer$ClassLoader;\
			org.burningwave.core.classes.MemoryClassLoader;\
			org.burningwave.core.classes.PathScannerClassLoader;
		modules.export-all-to-all=\
			true
		resource-releaser.enabled=\
			true
		synchronizer.all-threads-monitoring.enabled=\
			false
		synchronizer.all-threads-monitoring.interval=\
			90000
		thread-supplier.default-daemon-flag-value=\
			true
		thread-supplier.default-thread-priority=\
			5
		thread-supplier.max-detached-thread-count=\
			${thread-supplier.max-poolable-thread-count}
		thread-supplier.max-detached-thread-count.elapsed-time-threshold-from-last-increase-for-gradual-decreasing-to-initial-value=\
			30000
		thread-supplier.max-detached-thread-count.increasing-step=\
			autodetect
		thread-supplier.max-poolable-thread-count=\
			autodetect
		thread-supplier.poolable-thread-request-timeout=\
			6000


2026-05-01 14:35:13,932 [main] INFO  o.b.core.jvm.BufferHandler - (BufferHandler.java:127) - default buffer size: 1024 bytes
2026-05-01 14:35:13,933 [main] INFO  o.b.core.jvm.BufferHandler - (BufferHandler.java:141) - default allocation mode: ByteBuffer::allocateDirect
2026-05-01 14:35:13,940 [main] INFO  org.burningwave.core.Cache - (Cache.java:76) - Building cache
2026-05-01 14:35:13,971 [main] INFO  o.b.c.a.StaticComponentContainer - (StaticComponentContainer.java:443) - org.burningwave.core.assembler.StaticComponentContainer initialized in 0.1795132 seconds
2026-05-01 14:35:20,061 [Worker-7: Loading available Gradle versions] INFO  o.e.b.c.i.u.g.PublishedGradleVersions - Gradle version information cache is out-of-date. Trying to update.
2026-05-01 14:36:58,175 [Worker-39: Launching Main] WARN  o.a.m.r.i.DefaultArtifactDescriptorReader - 6 problems were encountered while building the effective model for org.openjfx:javafx-controls:jar:21 during dependency collection step for project (use -X to see details)
2026-05-01 14:36:59,121 [Worker-39: Launching Main] INFO  o.a.m.s.f.DefaultMavenResourcesFiltering - Copying 25 resources from src\main\resources to target\classes
2026-05-01 14:36:59,152 [Worker-39: Launching Main] INFO  o.a.m.s.f.DefaultMavenResourcesFiltering - Copying 0 resource from src\test\resources to target\test-classes
2026-05-01 14:58:11,233 [Worker-6: Building] INFO  o.a.m.s.f.DefaultMavenResourcesFiltering - Copying 25 resources from src\main\resources to target\classes
2026-05-01 14:58:11,239 [Worker-6: Building] INFO  o.a.m.s.f.DefaultMavenResourcesFiltering - Copying 0 resource from src\test\resources to target\test-classes
2026-05-01 15:08:12,647 [Worker-8: Building] INFO  o.a.m.s.f.DefaultMavenResourcesFiltering - Copying 25 resources from src\main\resources to target\classes
2026-05-01 15:08:12,654 [Worker-8: Building] INFO  o.a.m.s.f.DefaultMavenResourcesFiltering - Copying 0 resource from src\test\resources to target\test-classes
2026-05-01 15:08:52,572 [Worker-25: Building] INFO  o.a.m.s.f.DefaultMavenResourcesFiltering - Copying 25 resources from src\main\resources to target\classes
2026-05-01 15:08:52,578 [Worker-25: Building] INFO  o.a.m.s.f.DefaultMavenResourcesFiltering - Copying 0 resource from src\test\resources to target\test-classes
2026-05-01 15:10:44,155 [Worker-39: Building] INFO  o.a.m.s.f.DefaultMavenResourcesFiltering - Copying 25 resources from src\main\resources to target\classes
2026-05-01 15:10:44,160 [Worker-39: Building] INFO  o.a.m.s.f.DefaultMavenResourcesFiltering - Copying 0 resource from src\test\resources to target\test-classes
2026-05-01 15:11:22,341 [Worker-29: Building] INFO  o.a.m.s.f.DefaultMavenResourcesFiltering - Copying 25 resources from src\main\resources to target\classes
2026-05-01 15:11:22,346 [Worker-29: Building] INFO  o.a.m.s.f.DefaultMavenResourcesFiltering - Copying 0 resource from src\test\resources to target\test-classes
2026-05-01 15:19:38,076 [Worker-39: Building] INFO  o.a.m.s.f.DefaultMavenResourcesFiltering - Copying 1 resource from src\main\resources to target\classes
2026-05-01 15:19:38,084 [Worker-39: Building] INFO  o.a.m.s.f.DefaultMavenResourcesFiltering - Copying 0 resource from src\test\resources to target\test-classes
2026-05-01 15:19:56,486 [Worker-8: Building] INFO  o.a.m.s.f.DefaultMavenResourcesFiltering - Copying 25 resources from src\main\resources to target\classes
2026-05-01 15:19:56,493 [Worker-8: Building] INFO  o.a.m.s.f.DefaultMavenResourcesFiltering - Copying 0 resource from src\test\resources to target\test-classes
2026-05-01 15:20:55,849 [Worker-6: Building] INFO  o.a.m.s.f.DefaultMavenResourcesFiltering - Copying 1 resource from src\main\resources to target\classes
2026-05-01 15:20:55,852 [Worker-6: Building] INFO  o.a.m.s.f.DefaultMavenResourcesFiltering - Copying 0 resource from src\test\resources to target\test-classes
2026-05-01 15:21:00,931 [Worker-29: Building] INFO  o.a.m.s.f.DefaultMavenResourcesFiltering - Copying 1 resource from src\main\resources to target\classes
2026-05-01 15:21:00,934 [Worker-29: Building] INFO  o.a.m.s.f.DefaultMavenResourcesFiltering - Copying 0 resource from src\test\resources to target\test-classes
2026-05-01 15:21:33,123 [Worker-6: Building] INFO  o.a.m.s.f.DefaultMavenResourcesFiltering - Copying 26 resources from src\main\resources to target\classes
2026-05-01 15:21:33,128 [Worker-6: Building] INFO  o.a.m.s.f.DefaultMavenResourcesFiltering - Copying 0 resource from src\test\resources to target\test-classes
2026-05-01 15:21:37,561 [Worker-25: Building] INFO  o.a.m.s.f.DefaultMavenResourcesFiltering - Copying 26 resources from src\main\resources to target\classes
2026-05-01 15:21:37,565 [Worker-25: Building] INFO  o.a.m.s.f.DefaultMavenResourcesFiltering - Copying 0 resource from src\test\resources to target\test-classes
2026-05-01 15:23:55,686 [Burningwave - Resource releaser] INFO  o.b.c.a.StaticComponentContainer - (StaticComponentContainer.java:391) - ... Waiting for all tasks ending
2026-05-01 15:23:55,688 [Burningwave - Resource releaser] INFO  o.b.c.a.StaticComponentContainer - (StaticComponentContainer.java:397) - Closing all component containers
2026-05-01 15:23:55,692 [Burningwave - Resource releaser] INFO  o.b.c.a.StaticComponentContainer - (StaticComponentContainer.java:403) - Closing FileSystemHelper
2026-05-01 15:23:55,693 [Burningwave - Resource releaser] INFO  o.b.c.a.StaticComponentContainer - (StaticComponentContainer.java:409) - ... Waiting for all tasks ending before shutting down the BackgroundExecutor
2026-05-01 15:23:55,694 [Burningwave - Resource releaser] INFO  o.b.c.a.StaticComponentContainer - (StaticComponentContainer.java:414) - Shutting down BackgroundExecutor
2026-05-01 15:23:55,694 [Burningwave - Resource releaser] INFO  o.b.c.a.StaticComponentContainer - (StaticComponentContainer.java:420) - Stopping all threads monitoring thread
2026-05-01 15:23:55,695 [Burningwave - Resource releaser] INFO  o.b.c.a.StaticComponentContainer - (StaticComponentContainer.java:425) - Closing ThreadHolder
2026-05-01 15:23:55,697 [Burningwave - Resource releaser] INFO  o.b.c.a.StaticComponentContainer - (StaticComponentContainer.java:430) - Shutting down ThreadSupplier
2026-05-01 21:24:27,214 [main] INFO  o.b.c.a.StaticComponentContainer - (StaticComponentContainer.java:368) - Instantiated org.burningwave.core.SLF4JManagedLoggerRepository
2026-05-01 21:24:27,217 [main] INFO  o.b.c.a.StaticComponentContainer - (StaticComponentContainer.java:369) - 

	Configuration values for static components:

		background-executor.all-tasks-monitoring.enabled=\
			true
		background-executor.all-tasks-monitoring.interval=\
			30000
		background-executor.all-tasks-monitoring.logger.enabled=\
			false
		background-executor.all-tasks-monitoring.minimum-elapsed-time-to-consider-a-task-as-probable-dead-locked=\
			300000
		background-executor.all-tasks-monitoring.probable-dead-locked-tasks-handling.policy=\
			log only
		background-executor.queued-task-executor[0].name=\
			Low priority tasks
		background-executor.queued-task-executor[0].priority=\
			1
		background-executor.queued-task-executor[1].name=\
			Normal priority tasks
		background-executor.queued-task-executor[1].priority=\
			5
		background-executor.queued-task-executor[2].name=\
			High priority tasks
		background-executor.queued-task-executor[2].priority=\
			10
		background-executor.task-creation-tracking.enabled=\
			${background-executor.all-tasks-monitoring.enabled}
		banner.additonal-informations=\
			${Implementation-Title} ${Implementation-Version}
		banner.additonal-informations.retrieve-from-manifest-file-with-implementation-title=\
			Burningwave Core
		banner.file=\
			org/burningwave/banner.bwb
		banner.hide=\
			true
		buffer-handler.default-allocation-mode=\
			ByteBuffer::allocateDirect
		buffer-handler.default-buffer-size=\
			1024
		group-name-for-named-elements=\
			Burningwave
		iterable-object-helper.default-values-separator=\
			;
		iterable-object-helper.parallel-iteration.applicability.default-minimum-collection-size=\
			2
		iterable-object-helper.parallel-iteration.applicability.max-runtime-thread-count-threshold=\
			autodetect
		iterable-object-helper.parallel-iteration.applicability.output-collection-enabled-types=\
			java.util.concurrent.ConcurrentHashMap$CollectionView;\
			java.util.Collections$SynchronizedCollection;\
			java.util.concurrent.CopyOnWriteArrayList;\
			java.util.concurrent.CopyOnWriteArraySet;\
			java.util.concurrent.BlockingQueue;\
			java.util.concurrent.ConcurrentSkipListSet;\
			java.util.concurrent.ConcurrentSkipListMap$EntrySet;\
			java.util.concurrent.ConcurrentSkipListMap$KeySet;\
			java.util.concurrent.ConcurrentSkipListMap$Values;
		jvm.driver.init=\
			false
		managed-logger.repository=\
			autodetect
		managed-logger.repository.enabled=\
			true
		managed-logger.repository.logging.warn.disabled-for=\
			org.burningwave.core.assembler.ComponentContainer$ClassLoader;\
			org.burningwave.core.classes.MemoryClassLoader;\
			org.burningwave.core.classes.PathScannerClassLoader;
		modules.export-all-to-all=\
			true
		resource-releaser.enabled=\
			true
		synchronizer.all-threads-monitoring.enabled=\
			false
		synchronizer.all-threads-monitoring.interval=\
			90000
		thread-supplier.default-daemon-flag-value=\
			true
		thread-supplier.default-thread-priority=\
			5
		thread-supplier.max-detached-thread-count=\
			${thread-supplier.max-poolable-thread-count}
		thread-supplier.max-detached-thread-count.elapsed-time-threshold-from-last-increase-for-gradual-decreasing-to-initial-value=\
			30000
		thread-supplier.max-detached-thread-count.increasing-step=\
			autodetect
		thread-supplier.max-poolable-thread-count=\
			autodetect
		thread-supplier.poolable-thread-request-timeout=\
			6000


2026-05-01 21:24:27,219 [main] INFO  o.b.core.jvm.BufferHandler - (BufferHandler.java:127) - default buffer size: 1024 bytes
2026-05-01 21:24:27,220 [main] INFO  o.b.core.jvm.BufferHandler - (BufferHandler.java:141) - default allocation mode: ByteBuffer::allocateDirect
2026-05-01 21:24:27,225 [main] INFO  org.burningwave.core.Cache - (Cache.java:76) - Building cache
2026-05-01 21:24:27,246 [main] INFO  o.b.c.a.StaticComponentContainer - (StaticComponentContainer.java:443) - org.burningwave.core.assembler.StaticComponentContainer initialized in 0.1601984 seconds
2026-05-01 21:24:32,141 [Worker-1: Loading available Gradle versions] INFO  o.e.b.c.i.u.g.PublishedGradleVersions - Gradle version information cache is up-to-date. Trying to read.
2026-05-01 21:27:16,184 [Worker-34: Building] WARN  o.a.m.r.i.DefaultArtifactDescriptorReader - 6 problems were encountered while building the effective model for org.openjfx:javafx-controls:jar:21 during dependency collection step for project (use -X to see details)
2026-05-01 21:27:16,522 [Worker-34: Building] INFO  o.a.m.s.f.DefaultMavenResourcesFiltering - Copying 26 resources from src\main\resources to target\classes
2026-05-01 21:27:16,546 [Worker-34: Building] INFO  o.a.m.s.f.DefaultMavenResourcesFiltering - Copying 0 resource from src\test\resources to target\test-classes
2026-05-01 22:00:00,371 [Burningwave - Resource releaser] INFO  o.b.c.a.StaticComponentContainer - (StaticComponentContainer.java:391) - ... Waiting for all tasks ending
2026-05-01 22:00:00,372 [Burningwave - Resource releaser] INFO  o.b.c.a.StaticComponentContainer - (StaticComponentContainer.java:397) - Closing all component containers
2026-05-01 22:00:00,375 [Burningwave - Resource releaser] INFO  o.b.c.a.StaticComponentContainer - (StaticComponentContainer.java:403) - Closing FileSystemHelper
2026-05-01 22:00:00,376 [Burningwave - Resource releaser] INFO  o.b.c.a.StaticComponentContainer - (StaticComponentContainer.java:409) - ... Waiting for all tasks ending before shutting down the BackgroundExecutor
2026-05-01 22:00:00,377 [Burningwave - Resource releaser] INFO  o.b.c.a.StaticComponentContainer - (StaticComponentContainer.java:414) - Shutting down BackgroundExecutor
2026-05-01 22:00:00,378 [Burningwave - Resource releaser] INFO  o.b.c.a.StaticComponentContainer - (StaticComponentContainer.java:420) - Stopping all threads monitoring thread
2026-05-01 22:00:00,379 [Burningwave - Resource releaser] INFO  o.b.c.a.StaticComponentContainer - (StaticComponentContainer.java:425) - Closing ThreadHolder
2026-05-01 22:00:00,380 [Burningwave - Resource releaser] INFO  o.b.c.a.StaticComponentContainer - (StaticComponentContainer.java:430) - Shutting down ThreadSupplier
2026-05-02 08:32:14,907 [Worker-1: Loading available Gradle versions] INFO  o.e.b.c.i.u.g.PublishedGradleVersions - Gradle version information cache is up-to-date. Trying to read.
2026-05-02 08:36:48,647 [Worker-2: Building] WARN  o.a.m.r.i.DefaultArtifactDescriptorReader - 6 problems were encountered while building the effective model for org.openjfx:javafx-controls:jar:21 during dependency collection step for project (use -X to see details)
2026-05-02 08:36:49,277 [Worker-2: Building] INFO  o.a.m.s.f.DefaultMavenResourcesFiltering - Copying 27 resources from src\main\resources to target\classes
2026-05-02 08:36:49,315 [Worker-2: Building] INFO  o.a.m.s.f.DefaultMavenResourcesFiltering - Copying 0 resource from src\test\resources to target\test-classes
2026-05-02 08:37:12,003 [Worker-41: Building] INFO  o.a.m.s.f.DefaultMavenResourcesFiltering - Copying 27 resources from src\main\resources to target\classes
2026-05-02 08:37:12,014 [Worker-41: Building] INFO  o.a.m.s.f.DefaultMavenResourcesFiltering - Copying 0 resource from src\test\resources to target\test-classes
2026-05-02 08:39:36,086 [Worker-14: Building] INFO  o.a.m.s.f.DefaultMavenResourcesFiltering - Copying 27 resources from src\main\resources to target\classes
2026-05-02 08:39:36,094 [Worker-14: Building] INFO  o.a.m.s.f.DefaultMavenResourcesFiltering - Copying 0 resource from src\test\resources to target\test-classes
2026-05-02 08:40:59,473 [Worker-14: Building] INFO  o.a.m.s.f.DefaultMavenResourcesFiltering - Copying 27 resources from src\main\resources to target\classes
2026-05-02 08:40:59,504 [Worker-14: Building] INFO  o.a.m.s.f.DefaultMavenResourcesFiltering - Copying 0 resource from src\test\resources to target\test-classes
2026-05-02 08:41:31,905 [Worker-14: Building] INFO  o.a.m.s.f.DefaultMavenResourcesFiltering - Copying 27 resources from src\main\resources to target\classes
2026-05-02 08:41:31,919 [Worker-14: Building] INFO  o.a.m.s.f.DefaultMavenResourcesFiltering - Copying 0 resource from src\test\resources to target\test-classes
2026-05-02 08:42:37,360 [Worker-5: Building] INFO  o.a.m.s.f.DefaultMavenResourcesFiltering - Copying 27 resources from src\main\resources to target\classes
2026-05-02 08:42:37,365 [Worker-5: Building] INFO  o.a.m.s.f.DefaultMavenResourcesFiltering - Copying 0 resource from src\test\resources to target\test-classes
2026-05-02 08:49:49,801 [Worker-7: Building] INFO  o.a.m.s.f.DefaultMavenResourcesFiltering - Copying 4 resources from src\main\resources to target\classes
2026-05-02 08:49:49,811 [Worker-7: Building] INFO  o.a.m.s.f.DefaultMavenResourcesFiltering - Copying 0 resource from src\test\resources to target\test-classes
2026-05-02 08:50:10,175 [main] INFO  o.b.c.a.StaticComponentContainer - (StaticComponentContainer.java:368) - Instantiated org.burningwave.core.SLF4JManagedLoggerRepository
2026-05-02 08:50:10,179 [main] INFO  o.b.c.a.StaticComponentContainer - (StaticComponentContainer.java:369) - 

	Configuration values for static components:

		background-executor.all-tasks-monitoring.enabled=\
			true
		background-executor.all-tasks-monitoring.interval=\
			30000
		background-executor.all-tasks-monitoring.logger.enabled=\
			false
		background-executor.all-tasks-monitoring.minimum-elapsed-time-to-consider-a-task-as-probable-dead-locked=\
			300000
		background-executor.all-tasks-monitoring.probable-dead-locked-tasks-handling.policy=\
			log only
		background-executor.queued-task-executor[0].name=\
			Low priority tasks
		background-executor.queued-task-executor[0].priority=\
			1
		background-executor.queued-task-executor[1].name=\
			Normal priority tasks
		background-executor.queued-task-executor[1].priority=\
			5
		background-executor.queued-task-executor[2].name=\
			High priority tasks
		background-executor.queued-task-executor[2].priority=\
			10
		background-executor.task-creation-tracking.enabled=\
			${background-executor.all-tasks-monitoring.enabled}
		banner.additonal-informations=\
			${Implementation-Title} ${Implementation-Version}
		banner.additonal-informations.retrieve-from-manifest-file-with-implementation-title=\
			Burningwave Core
		banner.file=\
			org/burningwave/banner.bwb
		banner.hide=\
			true
		buffer-handler.default-allocation-mode=\
			ByteBuffer::allocateDirect
		buffer-handler.default-buffer-size=\
			1024
		group-name-for-named-elements=\
			Burningwave
		iterable-object-helper.default-values-separator=\
			;
		iterable-object-helper.parallel-iteration.applicability.default-minimum-collection-size=\
			2
		iterable-object-helper.parallel-iteration.applicability.max-runtime-thread-count-threshold=\
			autodetect
		iterable-object-helper.parallel-iteration.applicability.output-collection-enabled-types=\
			java.util.concurrent.ConcurrentHashMap$CollectionView;\
			java.util.Collections$SynchronizedCollection;\
			java.util.concurrent.CopyOnWriteArrayList;\
			java.util.concurrent.CopyOnWriteArraySet;\
			java.util.concurrent.BlockingQueue;\
			java.util.concurrent.ConcurrentSkipListSet;\
			java.util.concurrent.ConcurrentSkipListMap$EntrySet;\
			java.util.concurrent.ConcurrentSkipListMap$KeySet;\
			java.util.concurrent.ConcurrentSkipListMap$Values;
		jvm.driver.init=\
			false
		managed-logger.repository=\
			autodetect
		managed-logger.repository.enabled=\
			true
		managed-logger.repository.logging.warn.disabled-for=\
			org.burningwave.core.assembler.ComponentContainer$ClassLoader;\
			org.burningwave.core.classes.MemoryClassLoader;\
			org.burningwave.core.classes.PathScannerClassLoader;
		modules.export-all-to-all=\
			true
		resource-releaser.enabled=\
			true
		synchronizer.all-threads-monitoring.enabled=\
			false
		synchronizer.all-threads-monitoring.interval=\
			90000
		thread-supplier.default-daemon-flag-value=\
			true
		thread-supplier.default-thread-priority=\
			5
		thread-supplier.max-detached-thread-count=\
			${thread-supplier.max-poolable-thread-count}
		thread-supplier.max-detached-thread-count.elapsed-time-threshold-from-last-increase-for-gradual-decreasing-to-initial-value=\
			30000
		thread-supplier.max-detached-thread-count.increasing-step=\
			autodetect
		thread-supplier.max-poolable-thread-count=\
			autodetect
		thread-supplier.poolable-thread-request-timeout=\
			6000


2026-05-02 08:50:10,184 [main] INFO  o.b.core.jvm.BufferHandler - (BufferHandler.java:127) - default buffer size: 1024 bytes
2026-05-02 08:50:10,186 [main] INFO  o.b.core.jvm.BufferHandler - (BufferHandler.java:141) - default allocation mode: ByteBuffer::allocateDirect
2026-05-02 08:50:10,191 [main] INFO  org.burningwave.core.Cache - (Cache.java:76) - Building cache
2026-05-02 08:50:10,221 [main] INFO  o.b.c.a.StaticComponentContainer - (StaticComponentContainer.java:443) - org.burningwave.core.assembler.StaticComponentContainer initialized in 0.1545373 seconds
2026-05-02 08:50:14,950 [Worker-8: Loading available Gradle versions] INFO  o.e.b.c.i.u.g.PublishedGradleVersions - Gradle version information cache is up-to-date. Trying to read.
2026-05-02 08:51:40,285 [Worker-37: Building] WARN  o.a.m.r.i.DefaultArtifactDescriptorReader - 6 problems were encountered while building the effective model for org.openjfx:javafx-controls:jar:21 during dependency collection step for project (use -X to see details)
2026-05-02 08:51:40,834 [Worker-37: Building] INFO  o.a.m.s.f.DefaultMavenResourcesFiltering - Copying 30 resources from src\main\resources to target\classes
2026-05-02 08:51:40,847 [Worker-37: Building] INFO  o.a.m.s.f.DefaultMavenResourcesFiltering - Copying 0 resource from src\test\resources to target\test-classes
2026-05-02 08:52:20,765 [Worker-27: Building] INFO  o.a.m.s.f.DefaultMavenResourcesFiltering - Copying 1 resource from src\main\resources to target\classes
2026-05-02 08:52:20,772 [Worker-27: Building] INFO  o.a.m.s.f.DefaultMavenResourcesFiltering - Copying 0 resource from src\test\resources to target\test-classes
2026-05-02 08:53:08,041 [Worker-18: Building] INFO  o.a.m.s.f.DefaultMavenResourcesFiltering - Copying 1 resource from src\main\resources to target\classes
2026-05-02 08:53:08,046 [Worker-18: Building] INFO  o.a.m.s.f.DefaultMavenResourcesFiltering - Copying 0 resource from src\test\resources to target\test-classes
2026-05-02 08:53:14,287 [Worker-11: Building] INFO  o.a.m.s.f.DefaultMavenResourcesFiltering - Copying 1 resource from src\main\resources to target\classes
2026-05-02 08:53:14,293 [Worker-11: Building] INFO  o.a.m.s.f.DefaultMavenResourcesFiltering - Copying 0 resource from src\test\resources to target\test-classes
2026-05-02 08:53:35,240 [Worker-15: Building] INFO  o.a.m.s.f.DefaultMavenResourcesFiltering - Copying 31 resources from src\main\resources to target\classes
2026-05-02 08:53:35,286 [Worker-15: Building] INFO  o.a.m.s.f.DefaultMavenResourcesFiltering - Copying 0 resource from src\test\resources to target\test-classes
2026-05-02 08:53:42,161 [Worker-38: Building] INFO  o.a.m.s.f.DefaultMavenResourcesFiltering - Copying 31 resources from src\main\resources to target\classes
2026-05-02 08:53:42,177 [Worker-38: Building] INFO  o.a.m.s.f.DefaultMavenResourcesFiltering - Copying 0 resource from src\test\resources to target\test-classes
2026-05-02 08:55:40,029 [Worker-43: Building] INFO  o.a.m.s.f.DefaultMavenResourcesFiltering - Copying 31 resources from src\main\resources to target\classes
2026-05-02 08:55:40,050 [Worker-43: Building] INFO  o.a.m.s.f.DefaultMavenResourcesFiltering - Copying 0 resource from src\test\resources to target\test-classes
2026-05-02 08:56:23,599 [Burningwave - Resource releaser] INFO  o.b.c.a.StaticComponentContainer - (StaticComponentContainer.java:391) - ... Waiting for all tasks ending
2026-05-02 08:56:23,603 [Burningwave - Resource releaser] INFO  o.b.c.a.StaticComponentContainer - (StaticComponentContainer.java:397) - Closing all component containers
2026-05-02 08:56:23,608 [Burningwave - Resource releaser] INFO  o.b.c.a.StaticComponentContainer - (StaticComponentContainer.java:403) - Closing FileSystemHelper
2026-05-02 08:56:23,612 [Burningwave - Resource releaser] INFO  o.b.c.a.StaticComponentContainer - (StaticComponentContainer.java:409) - ... Waiting for all tasks ending before shutting down the BackgroundExecutor
2026-05-02 08:56:23,614 [Burningwave - Resource releaser] INFO  o.b.c.a.StaticComponentContainer - (StaticComponentContainer.java:414) - Shutting down BackgroundExecutor
2026-05-02 08:56:23,617 [Burningwave - Resource releaser] INFO  o.b.c.a.StaticComponentContainer - (StaticComponentContainer.java:420) - Stopping all threads monitoring thread
2026-05-02 08:56:23,620 [Burningwave - Resource releaser] INFO  o.b.c.a.StaticComponentContainer - (StaticComponentContainer.java:425) - Closing ThreadHolder
2026-05-02 08:56:23,623 [Burningwave - Resource releaser] INFO  o.b.c.a.StaticComponentContainer - (StaticComponentContainer.java:430) - Shutting down ThreadSupplier
2026-05-02 08:56:50,820 [main] INFO  o.b.c.a.StaticComponentContainer - (StaticComponentContainer.java:368) - Instantiated org.burningwave.core.SLF4JManagedLoggerRepository
2026-05-02 08:56:50,824 [main] INFO  o.b.c.a.StaticComponentContainer - (StaticComponentContainer.java:369) - 

	Configuration values for static components:

		background-executor.all-tasks-monitoring.enabled=\
			true
		background-executor.all-tasks-monitoring.interval=\
			30000
		background-executor.all-tasks-monitoring.logger.enabled=\
			false
		background-executor.all-tasks-monitoring.minimum-elapsed-time-to-consider-a-task-as-probable-dead-locked=\
			300000
		background-executor.all-tasks-monitoring.probable-dead-locked-tasks-handling.policy=\
			log only
		background-executor.queued-task-executor[0].name=\
			Low priority tasks
		background-executor.queued-task-executor[0].priority=\
			1
		background-executor.queued-task-executor[1].name=\
			Normal priority tasks
		background-executor.queued-task-executor[1].priority=\
			5
		background-executor.queued-task-executor[2].name=\
			High priority tasks
		background-executor.queued-task-executor[2].priority=\
			10
		background-executor.task-creation-tracking.enabled=\
			${background-executor.all-tasks-monitoring.enabled}
		banner.additonal-informations=\
			${Implementation-Title} ${Implementation-Version}
		banner.additonal-informations.retrieve-from-manifest-file-with-implementation-title=\
			Burningwave Core
		banner.file=\
			org/burningwave/banner.bwb
		banner.hide=\
			true
		buffer-handler.default-allocation-mode=\
			ByteBuffer::allocateDirect
		buffer-handler.default-buffer-size=\
			1024
		group-name-for-named-elements=\
			Burningwave
		iterable-object-helper.default-values-separator=\
			;
		iterable-object-helper.parallel-iteration.applicability.default-minimum-collection-size=\
			2
		iterable-object-helper.parallel-iteration.applicability.max-runtime-thread-count-threshold=\
			autodetect
		iterable-object-helper.parallel-iteration.applicability.output-collection-enabled-types=\
			java.util.concurrent.ConcurrentHashMap$CollectionView;\
			java.util.Collections$SynchronizedCollection;\
			java.util.concurrent.CopyOnWriteArrayList;\
			java.util.concurrent.CopyOnWriteArraySet;\
			java.util.concurrent.BlockingQueue;\
			java.util.concurrent.ConcurrentSkipListSet;\
			java.util.concurrent.ConcurrentSkipListMap$EntrySet;\
			java.util.concurrent.ConcurrentSkipListMap$KeySet;\
			java.util.concurrent.ConcurrentSkipListMap$Values;
		jvm.driver.init=\
			false
		managed-logger.repository=\
			autodetect
		managed-logger.repository.enabled=\
			true
		managed-logger.repository.logging.warn.disabled-for=\
			org.burningwave.core.assembler.ComponentContainer$ClassLoader;\
			org.burningwave.core.classes.MemoryClassLoader;\
			org.burningwave.core.classes.PathScannerClassLoader;
		modules.export-all-to-all=\
			true
		resource-releaser.enabled=\
			true
		synchronizer.all-threads-monitoring.enabled=\
			false
		synchronizer.all-threads-monitoring.interval=\
			90000
		thread-supplier.default-daemon-flag-value=\
			true
		thread-supplier.default-thread-priority=\
			5
		thread-supplier.max-detached-thread-count=\
			${thread-supplier.max-poolable-thread-count}
		thread-supplier.max-detached-thread-count.elapsed-time-threshold-from-last-increase-for-gradual-decreasing-to-initial-value=\
			30000
		thread-supplier.max-detached-thread-count.increasing-step=\
			autodetect
		thread-supplier.max-poolable-thread-count=\
			autodetect
		thread-supplier.poolable-thread-request-timeout=\
			6000


2026-05-02 08:56:50,827 [main] INFO  o.b.core.jvm.BufferHandler - (BufferHandler.java:127) - default buffer size: 1024 bytes
2026-05-02 08:56:50,829 [main] INFO  o.b.core.jvm.BufferHandler - (BufferHandler.java:141) - default allocation mode: ByteBuffer::allocateDirect
2026-05-02 08:56:50,835 [main] INFO  org.burningwave.core.Cache - (Cache.java:76) - Building cache
2026-05-02 08:56:50,865 [main] INFO  o.b.c.a.StaticComponentContainer - (StaticComponentContainer.java:443) - org.burningwave.core.assembler.StaticComponentContainer initialized in 0.1684577 seconds
2026-05-02 08:56:59,511 [Worker-6: Loading available Gradle versions] INFO  o.e.b.c.i.u.g.PublishedGradleVersions - Gradle version information cache is up-to-date. Trying to read.
2026-05-02 08:57:18,680 [Worker-14: Launching Main] WARN  o.a.m.r.i.DefaultArtifactDescriptorReader - 6 problems were encountered while building the effective model for org.openjfx:javafx-controls:jar:21 during dependency collection step for project (use -X to see details)
2026-05-02 09:02:54,199 [Worker-21: Building] INFO  o.a.m.s.f.DefaultMavenResourcesFiltering - Copying 31 resources from src\main\resources to target\classes
2026-05-02 09:02:54,211 [Worker-21: Building] INFO  o.a.m.s.f.DefaultMavenResourcesFiltering - Copying 0 resource from src\test\resources to target\test-classes
2026-05-02 09:02:59,071 [Worker-26: Building] INFO  o.a.m.s.f.DefaultMavenResourcesFiltering - Copying 31 resources from src\main\resources to target\classes
2026-05-02 09:02:59,078 [Worker-26: Building] INFO  o.a.m.s.f.DefaultMavenResourcesFiltering - Copying 0 resource from src\test\resources to target\test-classes
2026-05-02 09:03:22,465 [Worker-4: Building] INFO  o.a.m.s.f.DefaultMavenResourcesFiltering - Copying 31 resources from src\main\resources to target\classes
2026-05-02 09:03:22,474 [Worker-4: Building] INFO  o.a.m.s.f.DefaultMavenResourcesFiltering - Copying 0 resource from src\test\resources to target\test-classes
2026-05-02 09:03:29,057 [Burningwave - Resource releaser] INFO  o.b.c.a.StaticComponentContainer - (StaticComponentContainer.java:391) - ... Waiting for all tasks ending
2026-05-02 09:03:29,059 [Burningwave - Resource releaser] INFO  o.b.c.a.StaticComponentContainer - (StaticComponentContainer.java:397) - Closing all component containers
2026-05-02 09:03:29,063 [Burningwave - Resource releaser] INFO  o.b.c.a.StaticComponentContainer - (StaticComponentContainer.java:403) - Closing FileSystemHelper
2026-05-02 09:03:29,065 [Burningwave - Resource releaser] INFO  o.b.c.a.StaticComponentContainer - (StaticComponentContainer.java:409) - ... Waiting for all tasks ending before shutting down the BackgroundExecutor
2026-05-02 09:03:29,066 [Burningwave - Resource releaser] INFO  o.b.c.a.StaticComponentContainer - (StaticComponentContainer.java:414) - Shutting down BackgroundExecutor
2026-05-02 09:03:29,067 [Burningwave - Resource releaser] INFO  o.b.c.a.StaticComponentContainer - (StaticComponentContainer.java:420) - Stopping all threads monitoring thread
2026-05-02 09:03:29,068 [Burningwave - Resource releaser] INFO  o.b.c.a.StaticComponentContainer - (StaticComponentContainer.java:425) - Closing ThreadHolder
2026-05-02 09:03:29,069 [Burningwave - Resource releaser] INFO  o.b.c.a.StaticComponentContainer - (StaticComponentContainer.java:430) - Shutting down ThreadSupplier
2026-05-02 09:03:47,719 [main] INFO  o.b.c.a.StaticComponentContainer - (StaticComponentContainer.java:368) - Instantiated org.burningwave.core.SLF4JManagedLoggerRepository
2026-05-02 09:03:47,721 [main] INFO  o.b.c.a.StaticComponentContainer - (StaticComponentContainer.java:369) - 

	Configuration values for static components:

		background-executor.all-tasks-monitoring.enabled=\
			true
		background-executor.all-tasks-monitoring.interval=\
			30000
		background-executor.all-tasks-monitoring.logger.enabled=\
			false
		background-executor.all-tasks-monitoring.minimum-elapsed-time-to-consider-a-task-as-probable-dead-locked=\
			300000
		background-executor.all-tasks-monitoring.probable-dead-locked-tasks-handling.policy=\
			log only
		background-executor.queued-task-executor[0].name=\
			Low priority tasks
		background-executor.queued-task-executor[0].priority=\
			1
		background-executor.queued-task-executor[1].name=\
			Normal priority tasks
		background-executor.queued-task-executor[1].priority=\
			5
		background-executor.queued-task-executor[2].name=\
			High priority tasks
		background-executor.queued-task-executor[2].priority=\
			10
		background-executor.task-creation-tracking.enabled=\
			${background-executor.all-tasks-monitoring.enabled}
		banner.additonal-informations=\
			${Implementation-Title} ${Implementation-Version}
		banner.additonal-informations.retrieve-from-manifest-file-with-implementation-title=\
			Burningwave Core
		banner.file=\
			org/burningwave/banner.bwb
		banner.hide=\
			true
		buffer-handler.default-allocation-mode=\
			ByteBuffer::allocateDirect
		buffer-handler.default-buffer-size=\
			1024
		group-name-for-named-elements=\
			Burningwave
		iterable-object-helper.default-values-separator=\
			;
		iterable-object-helper.parallel-iteration.applicability.default-minimum-collection-size=\
			2
		iterable-object-helper.parallel-iteration.applicability.max-runtime-thread-count-threshold=\
			autodetect
		iterable-object-helper.parallel-iteration.applicability.output-collection-enabled-types=\
			java.util.concurrent.ConcurrentHashMap$CollectionView;\
			java.util.Collections$SynchronizedCollection;\
			java.util.concurrent.CopyOnWriteArrayList;\
			java.util.concurrent.CopyOnWriteArraySet;\
			java.util.concurrent.BlockingQueue;\
			java.util.concurrent.ConcurrentSkipListSet;\
			java.util.concurrent.ConcurrentSkipListMap$EntrySet;\
			java.util.concurrent.ConcurrentSkipListMap$KeySet;\
			java.util.concurrent.ConcurrentSkipListMap$Values;
		jvm.driver.init=\
			false
		managed-logger.repository=\
			autodetect
		managed-logger.repository.enabled=\
			true
		managed-logger.repository.logging.warn.disabled-for=\
			org.burningwave.core.assembler.ComponentContainer$ClassLoader;\
			org.burningwave.core.classes.MemoryClassLoader;\
			org.burningwave.core.classes.PathScannerClassLoader;
		modules.export-all-to-all=\
			true
		resource-releaser.enabled=\
			true
		synchronizer.all-threads-monitoring.enabled=\
			false
		synchronizer.all-threads-monitoring.interval=\
			90000
		thread-supplier.default-daemon-flag-value=\
			true
		thread-supplier.default-thread-priority=\
			5
		thread-supplier.max-detached-thread-count=\
			${thread-supplier.max-poolable-thread-count}
		thread-supplier.max-detached-thread-count.elapsed-time-threshold-from-last-increase-for-gradual-decreasing-to-initial-value=\
			30000
		thread-supplier.max-detached-thread-count.increasing-step=\
			autodetect
		thread-supplier.max-poolable-thread-count=\
			autodetect
		thread-supplier.poolable-thread-request-timeout=\
			6000


2026-05-02 09:03:47,724 [main] INFO  o.b.core.jvm.BufferHandler - (BufferHandler.java:127) - default buffer size: 1024 bytes
2026-05-02 09:03:47,726 [main] INFO  o.b.core.jvm.BufferHandler - (BufferHandler.java:141) - default allocation mode: ByteBuffer::allocateDirect
2026-05-02 09:03:47,730 [main] INFO  org.burningwave.core.Cache - (Cache.java:76) - Building cache
2026-05-02 09:03:47,765 [main] INFO  o.b.c.a.StaticComponentContainer - (StaticComponentContainer.java:443) - org.burningwave.core.assembler.StaticComponentContainer initialized in 0.1507624 seconds
2026-05-02 09:03:52,125 [Worker-5: Loading available Gradle versions] INFO  o.e.b.c.i.u.g.PublishedGradleVersions - Gradle version information cache is up-to-date. Trying to read.
2026-05-02 09:04:23,530 [Burningwave - Resource releaser] INFO  o.b.c.a.StaticComponentContainer - (StaticComponentContainer.java:391) - ... Waiting for all tasks ending
2026-05-02 09:04:23,532 [Burningwave - Resource releaser] INFO  o.b.c.a.StaticComponentContainer - (StaticComponentContainer.java:397) - Closing all component containers
2026-05-02 09:04:23,535 [Burningwave - Resource releaser] INFO  o.b.c.a.StaticComponentContainer - (StaticComponentContainer.java:403) - Closing FileSystemHelper
2026-05-02 09:04:23,536 [Burningwave - Resource releaser] INFO  o.b.c.a.StaticComponentContainer - (StaticComponentContainer.java:409) - ... Waiting for all tasks ending before shutting down the BackgroundExecutor
2026-05-02 09:04:23,538 [Burningwave - Resource releaser] INFO  o.b.c.a.StaticComponentContainer - (StaticComponentContainer.java:414) - Shutting down BackgroundExecutor
2026-05-02 09:04:23,540 [Burningwave - Resource releaser] INFO  o.b.c.a.StaticComponentContainer - (StaticComponentContainer.java:420) - Stopping all threads monitoring thread
2026-05-02 09:04:23,542 [Burningwave - Resource releaser] INFO  o.b.c.a.StaticComponentContainer - (StaticComponentContainer.java:425) - Closing ThreadHolder
2026-05-02 09:04:23,542 [Burningwave - Resource releaser] INFO  o.b.c.a.StaticComponentContainer - (StaticComponentContainer.java:430) - Shutting down ThreadSupplier
2026-05-02 23:06:32,081 [main] INFO  o.b.c.a.StaticComponentContainer - (StaticComponentContainer.java:368) - Instantiated org.burningwave.core.SLF4JManagedLoggerRepository
2026-05-02 23:06:32,084 [main] INFO  o.b.c.a.StaticComponentContainer - (StaticComponentContainer.java:369) - 

	Configuration values for static components:

		background-executor.all-tasks-monitoring.enabled=\
			true
		background-executor.all-tasks-monitoring.interval=\
			30000
		background-executor.all-tasks-monitoring.logger.enabled=\
			false
		background-executor.all-tasks-monitoring.minimum-elapsed-time-to-consider-a-task-as-probable-dead-locked=\
			300000
		background-executor.all-tasks-monitoring.probable-dead-locked-tasks-handling.policy=\
			log only
		background-executor.queued-task-executor[0].name=\
			Low priority tasks
		background-executor.queued-task-executor[0].priority=\
			1
		background-executor.queued-task-executor[1].name=\
			Normal priority tasks
		background-executor.queued-task-executor[1].priority=\
			5
		background-executor.queued-task-executor[2].name=\
			High priority tasks
		background-executor.queued-task-executor[2].priority=\
			10
		background-executor.task-creation-tracking.enabled=\
			${background-executor.all-tasks-monitoring.enabled}
		banner.additonal-informations=\
			${Implementation-Title} ${Implementation-Version}
		banner.additonal-informations.retrieve-from-manifest-file-with-implementation-title=\
			Burningwave Core
		banner.file=\
			org/burningwave/banner.bwb
		banner.hide=\
			true
		buffer-handler.default-allocation-mode=\
			ByteBuffer::allocateDirect
		buffer-handler.default-buffer-size=\
			1024
		group-name-for-named-elements=\
			Burningwave
		iterable-object-helper.default-values-separator=\
			;
		iterable-object-helper.parallel-iteration.applicability.default-minimum-collection-size=\
			2
		iterable-object-helper.parallel-iteration.applicability.max-runtime-thread-count-threshold=\
			autodetect
		iterable-object-helper.parallel-iteration.applicability.output-collection-enabled-types=\
			java.util.concurrent.ConcurrentHashMap$CollectionView;\
			java.util.Collections$SynchronizedCollection;\
			java.util.concurrent.CopyOnWriteArrayList;\
			java.util.concurrent.CopyOnWriteArraySet;\
			java.util.concurrent.BlockingQueue;\
			java.util.concurrent.ConcurrentSkipListSet;\
			java.util.concurrent.ConcurrentSkipListMap$EntrySet;\
			java.util.concurrent.ConcurrentSkipListMap$KeySet;\
			java.util.concurrent.ConcurrentSkipListMap$Values;
		jvm.driver.init=\
			false
		managed-logger.repository=\
			autodetect
		managed-logger.repository.enabled=\
			true
		managed-logger.repository.logging.warn.disabled-for=\
			org.burningwave.core.assembler.ComponentContainer$ClassLoader;\
			org.burningwave.core.classes.MemoryClassLoader;\
			org.burningwave.core.classes.PathScannerClassLoader;
		modules.export-all-to-all=\
			true
		resource-releaser.enabled=\
			true
		synchronizer.all-threads-monitoring.enabled=\
			false
		synchronizer.all-threads-monitoring.interval=\
			90000
		thread-supplier.default-daemon-flag-value=\
			true
		thread-supplier.default-thread-priority=\
			5
		thread-supplier.max-detached-thread-count=\
			${thread-supplier.max-poolable-thread-count}
		thread-supplier.max-detached-thread-count.elapsed-time-threshold-from-last-increase-for-gradual-decreasing-to-initial-value=\
			30000
		thread-supplier.max-detached-thread-count.increasing-step=\
			autodetect
		thread-supplier.max-poolable-thread-count=\
			autodetect
		thread-supplier.poolable-thread-request-timeout=\
			6000


2026-05-02 23:06:32,087 [main] INFO  o.b.core.jvm.BufferHandler - (BufferHandler.java:127) - default buffer size: 1024 bytes
2026-05-02 23:06:32,088 [main] INFO  o.b.core.jvm.BufferHandler - (BufferHandler.java:141) - default allocation mode: ByteBuffer::allocateDirect
2026-05-02 23:06:32,092 [main] INFO  org.burningwave.core.Cache - (Cache.java:76) - Building cache
2026-05-02 23:06:32,115 [main] INFO  o.b.c.a.StaticComponentContainer - (StaticComponentContainer.java:443) - org.burningwave.core.assembler.StaticComponentContainer initialized in 0.1323552 seconds
2026-05-02 23:06:37,432 [Worker-1: Loading available Gradle versions] INFO  o.e.b.c.i.u.g.PublishedGradleVersions - Gradle version information cache is out-of-date. Trying to update.
2026-05-02 23:08:04,360 [Worker-36: Launching Main] WARN  o.a.m.r.i.DefaultArtifactDescriptorReader - 6 problems were encountered while building the effective model for org.openjfx:javafx-controls:jar:21 during dependency collection step for project (use -X to see details)
2026-05-02 23:08:05,128 [Worker-36: Launching Main] INFO  o.a.m.s.f.DefaultMavenResourcesFiltering - Copying 31 resources from src\main\resources to target\classes
2026-05-02 23:08:05,189 [Worker-36: Launching Main] INFO  o.a.m.s.f.DefaultMavenResourcesFiltering - Copying 0 resource from src\test\resources to target\test-classes
2026-05-02 23:11:38,118 [Worker-22: Building] INFO  o.a.m.s.f.DefaultMavenResourcesFiltering - Copying 3 resources from src\main\resources to target\classes
2026-05-02 23:11:38,124 [Worker-22: Building] INFO  o.a.m.s.f.DefaultMavenResourcesFiltering - Copying 0 resource from src\test\resources to target\test-classes
2026-05-02 23:11:49,114 [Worker-4: Building] INFO  o.a.m.s.f.DefaultMavenResourcesFiltering - Copying 0 resource from src\main\resources to target\classes
2026-05-02 23:11:49,121 [Worker-4: Building] INFO  o.a.m.s.f.DefaultMavenResourcesFiltering - Copying 0 resource from src\test\resources to target\test-classes
2026-05-02 23:12:00,831 [Worker-18: Building] INFO  o.a.m.s.f.DefaultMavenResourcesFiltering - Copying 31 resources from src\main\resources to target\classes
2026-05-02 23:12:00,835 [Worker-18: Building] INFO  o.a.m.s.f.DefaultMavenResourcesFiltering - Copying 0 resource from src\test\resources to target\test-classes
2026-05-02 23:12:06,492 [Worker-18: Building] INFO  o.a.m.s.f.DefaultMavenResourcesFiltering - Copying 31 resources from src\main\resources to target\classes
2026-05-02 23:12:06,497 [Worker-18: Building] INFO  o.a.m.s.f.DefaultMavenResourcesFiltering - Copying 0 resource from src\test\resources to target\test-classes
2026-05-02 23:12:25,268 [Worker-34: Building] INFO  o.a.m.s.f.DefaultMavenResourcesFiltering - Copying 1 resource from src\main\resources to target\classes
2026-05-02 23:12:25,275 [Worker-34: Building] INFO  o.a.m.s.f.DefaultMavenResourcesFiltering - Copying 0 resource from src\test\resources to target\test-classes
2026-05-02 23:12:29,431 [Worker-24: Building] INFO  o.a.m.s.f.DefaultMavenResourcesFiltering - Copying 1 resource from src\main\resources to target\classes
2026-05-02 23:12:29,442 [Worker-24: Building] INFO  o.a.m.s.f.DefaultMavenResourcesFiltering - Copying 0 resource from src\test\resources to target\test-classes
2026-05-02 23:18:11,626 [Worker-43: Building] INFO  o.a.m.s.f.DefaultMavenResourcesFiltering - Copying 1 resource from src\main\resources to target\classes
2026-05-02 23:18:11,649 [Worker-43: Building] INFO  o.a.m.s.f.DefaultMavenResourcesFiltering - Copying 0 resource from src\test\resources to target\test-classes
2026-05-02 23:18:23,524 [Worker-61: Building] INFO  o.a.m.s.f.DefaultMavenResourcesFiltering - Copying 1 resource from src\main\resources to target\classes
2026-05-02 23:18:23,545 [Worker-61: Building] INFO  o.a.m.s.f.DefaultMavenResourcesFiltering - Copying 0 resource from src\test\resources to target\test-classes
2026-05-02 23:18:50,010 [Worker-41: Building] INFO  o.a.m.s.f.DefaultMavenResourcesFiltering - Copying 32 resources from src\main\resources to target\classes
2026-05-02 23:18:50,042 [Worker-41: Building] INFO  o.a.m.s.f.DefaultMavenResourcesFiltering - Copying 0 resource from src\test\resources to target\test-classes
2026-05-02 23:18:57,315 [Worker-24: Building] INFO  o.a.m.s.f.DefaultMavenResourcesFiltering - Copying 32 resources from src\main\resources to target\classes
2026-05-02 23:18:57,331 [Worker-24: Building] INFO  o.a.m.s.f.DefaultMavenResourcesFiltering - Copying 0 resource from src\test\resources to target\test-classes
2026-05-02 23:20:15,980 [Worker-23: Building] INFO  o.a.m.s.f.DefaultMavenResourcesFiltering - Copying 32 resources from src\main\resources to target\classes
2026-05-02 23:20:15,996 [Worker-23: Building] INFO  o.a.m.s.f.DefaultMavenResourcesFiltering - Copying 0 resource from src\test\resources to target\test-classes
2026-05-02 23:20:49,281 [Worker-72: Building] INFO  o.a.m.s.f.DefaultMavenResourcesFiltering - Copying 32 resources from src\main\resources to target\classes
2026-05-02 23:20:49,324 [Worker-72: Building] INFO  o.a.m.s.f.DefaultMavenResourcesFiltering - Copying 0 resource from src\test\resources to target\test-classes
2026-05-02 23:26:15,578 [Burningwave - Resource releaser] INFO  o.b.c.a.StaticComponentContainer - (StaticComponentContainer.java:391) - ... Waiting for all tasks ending
2026-05-02 23:26:15,585 [Burningwave - Resource releaser] INFO  o.b.c.a.StaticComponentContainer - (StaticComponentContainer.java:397) - Closing all component containers
2026-05-02 23:26:15,592 [Burningwave - Resource releaser] INFO  o.b.c.a.StaticComponentContainer - (StaticComponentContainer.java:403) - Closing FileSystemHelper
2026-05-02 23:26:15,598 [Burningwave - Resource releaser] INFO  o.b.c.a.StaticComponentContainer - (StaticComponentContainer.java:409) - ... Waiting for all tasks ending before shutting down the BackgroundExecutor
2026-05-02 23:26:15,601 [Burningwave - Resource releaser] INFO  o.b.c.a.StaticComponentContainer - (StaticComponentContainer.java:414) - Shutting down BackgroundExecutor
2026-05-02 23:26:15,606 [Burningwave - Resource releaser] INFO  o.b.c.a.StaticComponentContainer - (StaticComponentContainer.java:420) - Stopping all threads monitoring thread
2026-05-02 23:26:15,609 [Burningwave - Resource releaser] INFO  o.b.c.a.StaticComponentContainer - (StaticComponentContainer.java:425) - Closing ThreadHolder
2026-05-02 23:26:15,613 [Burningwave - Resource releaser] INFO  o.b.c.a.StaticComponentContainer - (StaticComponentContainer.java:430) - Shutting down ThreadSupplier
2026-05-03 05:29:17,762 [main] INFO  o.b.c.a.StaticComponentContainer - (StaticComponentContainer.java:368) - Instantiated org.burningwave.core.SLF4JManagedLoggerRepository
2026-05-03 05:29:17,766 [main] INFO  o.b.c.a.StaticComponentContainer - (StaticComponentContainer.java:369) - 

	Configuration values for static components:

		background-executor.all-tasks-monitoring.enabled=\
			true
		background-executor.all-tasks-monitoring.interval=\
			30000
		background-executor.all-tasks-monitoring.logger.enabled=\
			false
		background-executor.all-tasks-monitoring.minimum-elapsed-time-to-consider-a-task-as-probable-dead-locked=\
			300000
		background-executor.all-tasks-monitoring.probable-dead-locked-tasks-handling.policy=\
			log only
		background-executor.queued-task-executor[0].name=\
			Low priority tasks
		background-executor.queued-task-executor[0].priority=\
			1
		background-executor.queued-task-executor[1].name=\
			Normal priority tasks
		background-executor.queued-task-executor[1].priority=\
			5
		background-executor.queued-task-executor[2].name=\
			High priority tasks
		background-executor.queued-task-executor[2].priority=\
			10
		background-executor.task-creation-tracking.enabled=\
			${background-executor.all-tasks-monitoring.enabled}
		banner.additonal-informations=\
			${Implementation-Title} ${Implementation-Version}
		banner.additonal-informations.retrieve-from-manifest-file-with-implementation-title=\
			Burningwave Core
		banner.file=\
			org/burningwave/banner.bwb
		banner.hide=\
			true
		buffer-handler.default-allocation-mode=\
			ByteBuffer::allocateDirect
		buffer-handler.default-buffer-size=\
			1024
		group-name-for-named-elements=\
			Burningwave
		iterable-object-helper.default-values-separator=\
			;
		iterable-object-helper.parallel-iteration.applicability.default-minimum-collection-size=\
			2
		iterable-object-helper.parallel-iteration.applicability.max-runtime-thread-count-threshold=\
			autodetect
		iterable-object-helper.parallel-iteration.applicability.output-collection-enabled-types=\
			java.util.concurrent.ConcurrentHashMap$CollectionView;\
			java.util.Collections$SynchronizedCollection;\
			java.util.concurrent.CopyOnWriteArrayList;\
			java.util.concurrent.CopyOnWriteArraySet;\
			java.util.concurrent.BlockingQueue;\
			java.util.concurrent.ConcurrentSkipListSet;\
			java.util.concurrent.ConcurrentSkipListMap$EntrySet;\
			java.util.concurrent.ConcurrentSkipListMap$KeySet;\
			java.util.concurrent.ConcurrentSkipListMap$Values;
		jvm.driver.init=\
			false
		managed-logger.repository=\
			autodetect
		managed-logger.repository.enabled=\
			true
		managed-logger.repository.logging.warn.disabled-for=\
			org.burningwave.core.assembler.ComponentContainer$ClassLoader;\
			org.burningwave.core.classes.MemoryClassLoader;\
			org.burningwave.core.classes.PathScannerClassLoader;
		modules.export-all-to-all=\
			true
		resource-releaser.enabled=\
			true
		synchronizer.all-threads-monitoring.enabled=\
			false
		synchronizer.all-threads-monitoring.interval=\
			90000
		thread-supplier.default-daemon-flag-value=\
			true
		thread-supplier.default-thread-priority=\
			5
		thread-supplier.max-detached-thread-count=\
			${thread-supplier.max-poolable-thread-count}
		thread-supplier.max-detached-thread-count.elapsed-time-threshold-from-last-increase-for-gradual-decreasing-to-initial-value=\
			30000
		thread-supplier.max-detached-thread-count.increasing-step=\
			autodetect
		thread-supplier.max-poolable-thread-count=\
			autodetect
		thread-supplier.poolable-thread-request-timeout=\
			6000


2026-05-03 05:29:17,770 [main] INFO  o.b.core.jvm.BufferHandler - (BufferHandler.java:127) - default buffer size: 1024 bytes
2026-05-03 05:29:17,771 [main] INFO  o.b.core.jvm.BufferHandler - (BufferHandler.java:141) - default allocation mode: ByteBuffer::allocateDirect
2026-05-03 05:29:17,777 [main] INFO  org.burningwave.core.Cache - (Cache.java:76) - Building cache
2026-05-03 05:29:17,811 [main] INFO  o.b.c.a.StaticComponentContainer - (StaticComponentContainer.java:443) - org.burningwave.core.assembler.StaticComponentContainer initialized in 0.1974131 seconds
2026-05-03 05:29:28,319 [Worker-2: Loading available Gradle versions] INFO  o.e.b.c.i.u.g.PublishedGradleVersions - Gradle version information cache is up-to-date. Trying to read.
2026-05-03 05:29:43,576 [Worker-9: Launching Main] WARN  o.a.m.r.i.DefaultArtifactDescriptorReader - 6 problems were encountered while building the effective model for org.openjfx:javafx-controls:jar:21 during dependency collection step for project (use -X to see details)
2026-05-03 05:42:04,758 [Worker-19: Building] INFO  o.a.m.s.f.DefaultMavenResourcesFiltering - Copying 32 resources from src\main\resources to target\classes
2026-05-03 05:42:04,774 [Worker-19: Building] INFO  o.a.m.s.f.DefaultMavenResourcesFiltering - Copying 0 resource from src\test\resources to target\test-classes
2026-05-03 05:43:04,472 [Worker-3: Building] INFO  o.a.m.s.f.DefaultMavenResourcesFiltering - Copying 32 resources from src\main\resources to target\classes
2026-05-03 05:43:04,478 [Worker-3: Building] INFO  o.a.m.s.f.DefaultMavenResourcesFiltering - Copying 0 resource from src\test\resources to target\test-classes
2026-05-03 05:56:09,131 [Worker-5: Building] INFO  o.a.m.s.f.DefaultMavenResourcesFiltering - Copying 1 resource from src\main\resources to target\classes
2026-05-03 05:56:09,138 [Worker-5: Building] INFO  o.a.m.s.f.DefaultMavenResourcesFiltering - Copying 0 resource from src\test\resources to target\test-classes
2026-05-03 05:56:14,904 [Worker-23: Building] INFO  o.a.m.s.f.DefaultMavenResourcesFiltering - Copying 1 resource from src\main\resources to target\classes
2026-05-03 05:56:14,908 [Worker-23: Building] INFO  o.a.m.s.f.DefaultMavenResourcesFiltering - Copying 0 resource from src\test\resources to target\test-classes
2026-05-03 05:56:43,981 [Worker-23: Building] INFO  o.a.m.s.f.DefaultMavenResourcesFiltering - Copying 33 resources from src\main\resources to target\classes
2026-05-03 05:56:43,990 [Worker-23: Building] INFO  o.a.m.s.f.DefaultMavenResourcesFiltering - Copying 0 resource from src\test\resources to target\test-classes
2026-05-03 05:56:49,810 [Worker-40: Building] INFO  o.a.m.s.f.DefaultMavenResourcesFiltering - Copying 33 resources from src\main\resources to target\classes
2026-05-03 05:56:49,819 [Worker-40: Building] INFO  o.a.m.s.f.DefaultMavenResourcesFiltering - Copying 0 resource from src\test\resources to target\test-classes
2026-05-03 05:57:17,952 [Worker-40: Building] INFO  o.a.m.s.f.DefaultMavenResourcesFiltering - Copying 33 resources from src\main\resources to target\classes
2026-05-03 05:57:17,960 [Worker-40: Building] INFO  o.a.m.s.f.DefaultMavenResourcesFiltering - Copying 0 resource from src\test\resources to target\test-classes
2026-05-03 05:57:24,636 [Worker-39: Building] INFO  o.a.m.s.f.DefaultMavenResourcesFiltering - Copying 33 resources from src\main\resources to target\classes
2026-05-03 05:57:24,641 [Worker-39: Building] INFO  o.a.m.s.f.DefaultMavenResourcesFiltering - Copying 0 resource from src\test\resources to target\test-classes
2026-05-03 05:58:44,384 [Worker-23: Building] INFO  o.a.m.s.f.DefaultMavenResourcesFiltering - Copying 1 resource from src\main\resources to target\classes
2026-05-03 05:58:44,388 [Worker-23: Building] INFO  o.a.m.s.f.DefaultMavenResourcesFiltering - Copying 0 resource from src\test\resources to target\test-classes
2026-05-03 05:59:24,800 [Worker-31: Building] INFO  o.a.m.s.f.DefaultMavenResourcesFiltering - Copying 33 resources from src\main\resources to target\classes
2026-05-03 05:59:24,806 [Worker-31: Building] INFO  o.a.m.s.f.DefaultMavenResourcesFiltering - Copying 0 resource from src\test\resources to target\test-classes
2026-05-03 06:00:36,040 [Worker-31: Building] INFO  o.a.m.s.f.DefaultMavenResourcesFiltering - Copying 33 resources from src\main\resources to target\classes
2026-05-03 06:00:36,048 [Worker-31: Building] INFO  o.a.m.s.f.DefaultMavenResourcesFiltering - Copying 0 resource from src\test\resources to target\test-classes
2026-05-03 06:01:54,079 [Worker-19: Building] INFO  o.a.m.s.f.DefaultMavenResourcesFiltering - Copying 1 resource from src\main\resources to target\classes
2026-05-03 06:01:54,084 [Worker-19: Building] INFO  o.a.m.s.f.DefaultMavenResourcesFiltering - Copying 0 resource from src\test\resources to target\test-classes
2026-05-03 06:02:30,499 [Worker-40: Building] INFO  o.a.m.s.f.DefaultMavenResourcesFiltering - Copying 33 resources from src\main\resources to target\classes
2026-05-03 06:02:30,507 [Worker-40: Building] INFO  o.a.m.s.f.DefaultMavenResourcesFiltering - Copying 0 resource from src\test\resources to target\test-classes
2026-05-03 06:02:55,958 [Worker-39: Building] INFO  o.a.m.s.f.DefaultMavenResourcesFiltering - Copying 33 resources from src\main\resources to target\classes
2026-05-03 06:02:55,964 [Worker-39: Building] INFO  o.a.m.s.f.DefaultMavenResourcesFiltering - Copying 0 resource from src\test\resources to target\test-classes
2026-05-03 06:03:25,801 [Worker-3: Building] INFO  o.a.m.s.f.DefaultMavenResourcesFiltering - Copying 33 resources from src\main\resources to target\classes
2026-05-03 06:03:25,807 [Worker-3: Building] INFO  o.a.m.s.f.DefaultMavenResourcesFiltering - Copying 0 resource from src\test\resources to target\test-classes
2026-05-03 06:03:43,312 [Worker-40: Building] INFO  o.a.m.s.f.DefaultMavenResourcesFiltering - Copying 33 resources from src\main\resources to target\classes
2026-05-03 06:03:43,324 [Worker-40: Building] INFO  o.a.m.s.f.DefaultMavenResourcesFiltering - Copying 0 resource from src\test\resources to target\test-classes
2026-05-03 06:03:57,614 [Worker-23: Building] INFO  o.a.m.s.f.DefaultMavenResourcesFiltering - Copying 33 resources from src\main\resources to target\classes
2026-05-03 06:03:57,622 [Worker-23: Building] INFO  o.a.m.s.f.DefaultMavenResourcesFiltering - Copying 0 resource from src\test\resources to target\test-classes
2026-05-03 06:04:14,580 [Worker-19: Building] INFO  o.a.m.s.f.DefaultMavenResourcesFiltering - Copying 33 resources from src\main\resources to target\classes
2026-05-03 06:04:14,585 [Worker-19: Building] INFO  o.a.m.s.f.DefaultMavenResourcesFiltering - Copying 0 resource from src\test\resources to target\test-classes
2026-05-03 06:04:27,196 [Worker-31: Building] INFO  o.a.m.s.f.DefaultMavenResourcesFiltering - Copying 33 resources from src\main\resources to target\classes
2026-05-03 06:04:27,202 [Worker-31: Building] INFO  o.a.m.s.f.DefaultMavenResourcesFiltering - Copying 0 resource from src\test\resources to target\test-classes
2026-05-03 06:04:38,668 [Worker-40: Building] INFO  o.a.m.s.f.DefaultMavenResourcesFiltering - Copying 33 resources from src\main\resources to target\classes
2026-05-03 06:04:38,674 [Worker-40: Building] INFO  o.a.m.s.f.DefaultMavenResourcesFiltering - Copying 0 resource from src\test\resources to target\test-classes
2026-05-03 06:05:13,250 [Worker-23: Building] INFO  o.a.m.s.f.DefaultMavenResourcesFiltering - Copying 1 resource from src\main\resources to target\classes
2026-05-03 06:05:13,257 [Worker-23: Building] INFO  o.a.m.s.f.DefaultMavenResourcesFiltering - Copying 0 resource from src\test\resources to target\test-classes
2026-05-03 06:05:28,617 [Worker-23: Building] INFO  o.a.m.s.f.DefaultMavenResourcesFiltering - Copying 1 resource from src\main\resources to target\classes
2026-05-03 06:05:28,621 [Worker-23: Building] INFO  o.a.m.s.f.DefaultMavenResourcesFiltering - Copying 0 resource from src\test\resources to target\test-classes
2026-05-03 06:05:44,891 [Worker-3: Building] INFO  o.a.m.s.f.DefaultMavenResourcesFiltering - Copying 1 resource from src\main\resources to target\classes
2026-05-03 06:05:44,895 [Worker-3: Building] INFO  o.a.m.s.f.DefaultMavenResourcesFiltering - Copying 0 resource from src\test\resources to target\test-classes
2026-05-03 06:06:02,170 [Worker-40: Building] INFO  o.a.m.s.f.DefaultMavenResourcesFiltering - Copying 1 resource from src\main\resources to target\classes
2026-05-03 06:06:02,175 [Worker-40: Building] INFO  o.a.m.s.f.DefaultMavenResourcesFiltering - Copying 0 resource from src\test\resources to target\test-classes
2026-05-03 06:06:19,597 [Worker-23: Building] INFO  o.a.m.s.f.DefaultMavenResourcesFiltering - Copying 1 resource from src\main\resources to target\classes
2026-05-03 06:06:19,603 [Worker-23: Building] INFO  o.a.m.s.f.DefaultMavenResourcesFiltering - Copying 0 resource from src\test\resources to target\test-classes
2026-05-03 06:06:34,250 [Worker-31: Building] INFO  o.a.m.s.f.DefaultMavenResourcesFiltering - Copying 1 resource from src\main\resources to target\classes
2026-05-03 06:06:34,256 [Worker-31: Building] INFO  o.a.m.s.f.DefaultMavenResourcesFiltering - Copying 0 resource from src\test\resources to target\test-classes
2026-05-03 06:07:02,197 [Worker-31: Building] INFO  o.a.m.s.f.DefaultMavenResourcesFiltering - Copying 33 resources from src\main\resources to target\classes
2026-05-03 06:07:02,203 [Worker-31: Building] INFO  o.a.m.s.f.DefaultMavenResourcesFiltering - Copying 0 resource from src\test\resources to target\test-classes
2026-05-03 06:07:06,975 [Worker-40: Building] INFO  o.a.m.s.f.DefaultMavenResourcesFiltering - Copying 33 resources from src\main\resources to target\classes
2026-05-03 06:07:06,979 [Worker-40: Building] INFO  o.a.m.s.f.DefaultMavenResourcesFiltering - Copying 0 resource from src\test\resources to target\test-classes
2026-05-03 06:08:19,019 [Worker-23: Building] INFO  o.a.m.s.f.DefaultMavenResourcesFiltering - Copying 1 resource from src\main\resources to target\classes
2026-05-03 06:08:19,022 [Worker-23: Building] INFO  o.a.m.s.f.DefaultMavenResourcesFiltering - Copying 0 resource from src\test\resources to target\test-classes
2026-05-03 06:08:41,344 [Worker-31: Building] INFO  o.a.m.s.f.DefaultMavenResourcesFiltering - Copying 1 resource from src\main\resources to target\classes
2026-05-03 06:08:41,348 [Worker-31: Building] INFO  o.a.m.s.f.DefaultMavenResourcesFiltering - Copying 0 resource from src\test\resources to target\test-classes
2026-05-03 06:09:42,276 [Worker-3: Building] INFO  o.a.m.s.f.DefaultMavenResourcesFiltering - Copying 33 resources from src\main\resources to target\classes
2026-05-03 06:09:42,284 [Worker-3: Building] INFO  o.a.m.s.f.DefaultMavenResourcesFiltering - Copying 0 resource from src\test\resources to target\test-classes
2026-05-03 06:10:18,190 [Worker-31: Building] INFO  o.a.m.s.f.DefaultMavenResourcesFiltering - Copying 33 resources from src\main\resources to target\classes
2026-05-03 06:10:18,197 [Worker-31: Building] INFO  o.a.m.s.f.DefaultMavenResourcesFiltering - Copying 0 resource from src\test\resources to target\test-classes
2026-05-03 06:10:34,076 [Worker-40: Building] INFO  o.a.m.s.f.DefaultMavenResourcesFiltering - Copying 33 resources from src\main\resources to target\classes
2026-05-03 06:10:34,083 [Worker-40: Building] INFO  o.a.m.s.f.DefaultMavenResourcesFiltering - Copying 0 resource from src\test\resources to target\test-classes
2026-05-03 06:12:04,481 [Worker-3: Building] INFO  o.a.m.s.f.DefaultMavenResourcesFiltering - Copying 33 resources from src\main\resources to target\classes
2026-05-03 06:12:04,486 [Worker-3: Building] INFO  o.a.m.s.f.DefaultMavenResourcesFiltering - Copying 0 resource from src\test\resources to target\test-classes
2026-05-03 06:13:12,603 [Worker-5: Building] INFO  o.a.m.s.f.DefaultMavenResourcesFiltering - Copying 33 resources from src\main\resources to target\classes
2026-05-03 06:13:12,607 [Worker-5: Building] INFO  o.a.m.s.f.DefaultMavenResourcesFiltering - Copying 0 resource from src\test\resources to target\test-classes
2026-05-03 06:14:07,302 [Worker-3: Building] INFO  o.a.m.s.f.DefaultMavenResourcesFiltering - Copying 33 resources from src\main\resources to target\classes
2026-05-03 06:14:07,307 [Worker-3: Building] INFO  o.a.m.s.f.DefaultMavenResourcesFiltering - Copying 0 resource from src\test\resources to target\test-classes
2026-05-03 06:14:30,127 [Worker-3: Building] INFO  o.a.m.s.f.DefaultMavenResourcesFiltering - Copying 33 resources from src\main\resources to target\classes
2026-05-03 06:14:30,133 [Worker-3: Building] INFO  o.a.m.s.f.DefaultMavenResourcesFiltering - Copying 0 resource from src\test\resources to target\test-classes
2026-05-03 06:15:03,892 [Worker-39: Building] INFO  o.a.m.s.f.DefaultMavenResourcesFiltering - Copying 33 resources from src\main\resources to target\classes
2026-05-03 06:15:03,898 [Worker-39: Building] INFO  o.a.m.s.f.DefaultMavenResourcesFiltering - Copying 0 resource from src\test\resources to target\test-classes
2026-05-03 06:15:18,435 [Worker-5: Building] INFO  o.a.m.s.f.DefaultMavenResourcesFiltering - Copying 33 resources from src\main\resources to target\classes
2026-05-03 06:15:18,440 [Worker-5: Building] INFO  o.a.m.s.f.DefaultMavenResourcesFiltering - Copying 0 resource from src\test\resources to target\test-classes
2026-05-03 06:17:26,477 [Worker-31: Building] INFO  o.a.m.s.f.DefaultMavenResourcesFiltering - Copying 1 resource from src\main\resources to target\classes
2026-05-03 06:17:26,484 [Worker-31: Building] INFO  o.a.m.s.f.DefaultMavenResourcesFiltering - Copying 0 resource from src\test\resources to target\test-classes
2026-05-03 06:17:43,679 [Worker-3: Building] INFO  o.a.m.s.f.DefaultMavenResourcesFiltering - Copying 1 resource from src\main\resources to target\classes
2026-05-03 06:17:43,685 [Worker-3: Building] INFO  o.a.m.s.f.DefaultMavenResourcesFiltering - Copying 0 resource from src\test\resources to target\test-classes
2026-05-03 06:17:56,718 [Worker-19: Building] INFO  o.a.m.s.f.DefaultMavenResourcesFiltering - Copying 1 resource from src\main\resources to target\classes
2026-05-03 06:17:56,723 [Worker-19: Building] INFO  o.a.m.s.f.DefaultMavenResourcesFiltering - Copying 0 resource from src\test\resources to target\test-classes
2026-05-03 06:18:08,589 [Worker-39: Building] INFO  o.a.m.s.f.DefaultMavenResourcesFiltering - Copying 1 resource from src\main\resources to target\classes
2026-05-03 06:18:08,593 [Worker-39: Building] INFO  o.a.m.s.f.DefaultMavenResourcesFiltering - Copying 0 resource from src\test\resources to target\test-classes
2026-05-03 06:18:13,598 [Worker-5: Building] INFO  o.a.m.s.f.DefaultMavenResourcesFiltering - Copying 1 resource from src\main\resources to target\classes
2026-05-03 06:18:13,602 [Worker-5: Building] INFO  o.a.m.s.f.DefaultMavenResourcesFiltering - Copying 0 resource from src\test\resources to target\test-classes
2026-05-03 06:19:44,842 [Worker-19: Building] INFO  o.a.m.s.f.DefaultMavenResourcesFiltering - Copying 33 resources from src\main\resources to target\classes
2026-05-03 06:19:44,851 [Worker-19: Building] INFO  o.a.m.s.f.DefaultMavenResourcesFiltering - Copying 0 resource from src\test\resources to target\test-classes
2026-05-03 06:20:29,284 [Worker-19: Building] INFO  o.a.m.s.f.DefaultMavenResourcesFiltering - Copying 33 resources from src\main\resources to target\classes
2026-05-03 06:20:29,290 [Worker-19: Building] INFO  o.a.m.s.f.DefaultMavenResourcesFiltering - Copying 0 resource from src\test\resources to target\test-classes
2026-05-03 06:20:49,452 [Worker-5: Building] INFO  o.a.m.s.f.DefaultMavenResourcesFiltering - Copying 33 resources from src\main\resources to target\classes
2026-05-03 06:20:49,459 [Worker-5: Building] INFO  o.a.m.s.f.DefaultMavenResourcesFiltering - Copying 0 resource from src\test\resources to target\test-classes
2026-05-03 06:21:05,067 [Worker-5: Building] INFO  o.a.m.s.f.DefaultMavenResourcesFiltering - Copying 33 resources from src\main\resources to target\classes
2026-05-03 06:21:05,076 [Worker-5: Building] INFO  o.a.m.s.f.DefaultMavenResourcesFiltering - Copying 0 resource from src\test\resources to target\test-classes
2026-05-03 06:21:24,822 [Worker-31: Building] INFO  o.a.m.s.f.DefaultMavenResourcesFiltering - Copying 33 resources from src\main\resources to target\classes
2026-05-03 06:21:24,830 [Worker-31: Building] INFO  o.a.m.s.f.DefaultMavenResourcesFiltering - Copying 0 resource from src\test\resources to target\test-classes
2026-05-03 06:22:08,230 [Worker-3: Building] INFO  o.a.m.s.f.DefaultMavenResourcesFiltering - Copying 33 resources from src\main\resources to target\classes
2026-05-03 06:22:08,247 [Worker-3: Building] INFO  o.a.m.s.f.DefaultMavenResourcesFiltering - Copying 0 resource from src\test\resources to target\test-classes
2026-05-03 06:22:21,081 [Worker-23: Building] INFO  o.a.m.s.f.DefaultMavenResourcesFiltering - Copying 33 resources from src\main\resources to target\classes
2026-05-03 06:22:21,088 [Worker-23: Building] INFO  o.a.m.s.f.DefaultMavenResourcesFiltering - Copying 0 resource from src\test\resources to target\test-classes
2026-05-03 06:22:38,420 [Worker-41: Building] INFO  o.a.m.s.f.DefaultMavenResourcesFiltering - Copying 33 resources from src\main\resources to target\classes
2026-05-03 06:22:38,426 [Worker-41: Building] INFO  o.a.m.s.f.DefaultMavenResourcesFiltering - Copying 0 resource from src\test\resources to target\test-classes
2026-05-03 06:23:01,520 [Worker-3: Building] INFO  o.a.m.s.f.DefaultMavenResourcesFiltering - Copying 33 resources from src\main\resources to target\classes
2026-05-03 06:23:01,528 [Worker-3: Building] INFO  o.a.m.s.f.DefaultMavenResourcesFiltering - Copying 0 resource from src\test\resources to target\test-classes
2026-05-03 06:23:22,148 [Worker-3: Building] INFO  o.a.m.s.f.DefaultMavenResourcesFiltering - Copying 33 resources from src\main\resources to target\classes
2026-05-03 06:23:22,152 [Worker-3: Building] INFO  o.a.m.s.f.DefaultMavenResourcesFiltering - Copying 0 resource from src\test\resources to target\test-classes
2026-05-03 06:24:40,986 [Worker-19: Building] INFO  o.a.m.s.f.DefaultMavenResourcesFiltering - Copying 33 resources from src\main\resources to target\classes
2026-05-03 06:24:40,996 [Worker-19: Building] INFO  o.a.m.s.f.DefaultMavenResourcesFiltering - Copying 0 resource from src\test\resources to target\test-classes
2026-05-03 06:25:07,207 [Worker-41: Building] INFO  o.a.m.s.f.DefaultMavenResourcesFiltering - Copying 33 resources from src\main\resources to target\classes
2026-05-03 06:25:07,213 [Worker-41: Building] INFO  o.a.m.s.f.DefaultMavenResourcesFiltering - Copying 0 resource from src\test\resources to target\test-classes
2026-05-03 06:31:49,198 [Worker-41: Building] INFO  o.a.m.s.f.DefaultMavenResourcesFiltering - Copying 33 resources from src\main\resources to target\classes
2026-05-03 06:31:49,206 [Worker-41: Building] INFO  o.a.m.s.f.DefaultMavenResourcesFiltering - Copying 0 resource from src\test\resources to target\test-classes
2026-05-03 06:34:07,869 [Worker-42: Building] INFO  o.a.m.s.f.DefaultMavenResourcesFiltering - Copying 33 resources from src\main\resources to target\classes
2026-05-03 06:34:07,875 [Worker-42: Building] INFO  o.a.m.s.f.DefaultMavenResourcesFiltering - Copying 0 resource from src\test\resources to target\test-classes
2026-05-03 06:34:19,547 [Worker-5: Building] INFO  o.a.m.s.f.DefaultMavenResourcesFiltering - Copying 33 resources from src\main\resources to target\classes
2026-05-03 06:34:19,556 [Worker-5: Building] INFO  o.a.m.s.f.DefaultMavenResourcesFiltering - Copying 0 resource from src\test\resources to target\test-classes
2026-05-03 06:34:29,452 [Worker-23: Building] INFO  o.a.m.s.f.DefaultMavenResourcesFiltering - Copying 33 resources from src\main\resources to target\classes
2026-05-03 06:34:29,458 [Worker-23: Building] INFO  o.a.m.s.f.DefaultMavenResourcesFiltering - Copying 0 resource from src\test\resources to target\test-classes
2026-05-03 06:35:24,976 [Worker-42: Building] INFO  o.a.m.s.f.DefaultMavenResourcesFiltering - Copying 33 resources from src\main\resources to target\classes
2026-05-03 06:35:24,982 [Worker-42: Building] INFO  o.a.m.s.f.DefaultMavenResourcesFiltering - Copying 0 resource from src\test\resources to target\test-classes
2026-05-03 06:35:29,837 [Worker-23: Building] INFO  o.a.m.s.f.DefaultMavenResourcesFiltering - Copying 33 resources from src\main\resources to target\classes
2026-05-03 06:35:29,845 [Worker-23: Building] INFO  o.a.m.s.f.DefaultMavenResourcesFiltering - Copying 0 resource from src\test\resources to target\test-classes
2026-05-03 06:36:17,156 [Worker-39: Building] INFO  o.a.m.s.f.DefaultMavenResourcesFiltering - Copying 33 resources from src\main\resources to target\classes
2026-05-03 06:36:17,163 [Worker-39: Building] INFO  o.a.m.s.f.DefaultMavenResourcesFiltering - Copying 0 resource from src\test\resources to target\test-classes
2026-05-03 06:36:50,541 [Worker-42: Building] INFO  o.a.m.s.f.DefaultMavenResourcesFiltering - Copying 33 resources from src\main\resources to target\classes
2026-05-03 06:36:50,550 [Worker-42: Building] INFO  o.a.m.s.f.DefaultMavenResourcesFiltering - Copying 0 resource from src\test\resources to target\test-classes
2026-05-03 06:37:33,030 [Worker-41: Launching Main] INFO  o.a.m.s.f.DefaultMavenResourcesFiltering - Copying 1 resource from src\main\resources to target\classes
2026-05-03 06:37:33,033 [Worker-41: Launching Main] INFO  o.a.m.s.f.DefaultMavenResourcesFiltering - Copying 0 resource from src\test\resources to target\test-classes
2026-05-03 06:43:58,843 [Burningwave - Resource releaser] INFO  o.b.c.a.StaticComponentContainer - (StaticComponentContainer.java:391) - ... Waiting for all tasks ending
2026-05-03 06:43:58,844 [Burningwave - Resource releaser] INFO  o.b.c.a.StaticComponentContainer - (StaticComponentContainer.java:397) - Closing all component containers
2026-05-03 06:43:58,849 [Burningwave - Resource releaser] INFO  o.b.c.a.StaticComponentContainer - (StaticComponentContainer.java:403) - Closing FileSystemHelper
2026-05-03 06:43:58,851 [Burningwave - Resource releaser] INFO  o.b.c.a.StaticComponentContainer - (StaticComponentContainer.java:409) - ... Waiting for all tasks ending before shutting down the BackgroundExecutor
2026-05-03 06:43:58,853 [Burningwave - Resource releaser] INFO  o.b.c.a.StaticComponentContainer - (StaticComponentContainer.java:414) - Shutting down BackgroundExecutor
2026-05-03 06:43:58,853 [Burningwave - Resource releaser] INFO  o.b.c.a.StaticComponentContainer - (StaticComponentContainer.java:420) - Stopping all threads monitoring thread
2026-05-03 06:43:58,854 [Burningwave - Resource releaser] INFO  o.b.c.a.StaticComponentContainer - (StaticComponentContainer.java:425) - Closing ThreadHolder
2026-05-03 06:43:58,855 [Burningwave - Resource releaser] INFO  o.b.c.a.StaticComponentContainer - (StaticComponentContainer.java:430) - Shutting down ThreadSupplier
2026-05-03 06:44:25,261 [Worker-6: Loading available Gradle versions] INFO  o.e.b.c.i.u.g.PublishedGradleVersions - Gradle version information cache is up-to-date. Trying to read.
2026-05-03 06:44:36,937 [Worker-32: Launching Main] WARN  o.a.m.r.i.DefaultArtifactDescriptorReader - 6 problems were encountered while building the effective model for org.openjfx:javafx-controls:jar:21 during dependency collection step for project (use -X to see details)
2026-05-03 06:45:52,079 [main] INFO  o.b.c.a.StaticComponentContainer - (StaticComponentContainer.java:368) - Instantiated org.burningwave.core.SLF4JManagedLoggerRepository
2026-05-03 06:45:52,081 [main] INFO  o.b.c.a.StaticComponentContainer - (StaticComponentContainer.java:369) - 

	Configuration values for static components:

		background-executor.all-tasks-monitoring.enabled=\
			true
		background-executor.all-tasks-monitoring.interval=\
			30000
		background-executor.all-tasks-monitoring.logger.enabled=\
			false
		background-executor.all-tasks-monitoring.minimum-elapsed-time-to-consider-a-task-as-probable-dead-locked=\
			300000
		background-executor.all-tasks-monitoring.probable-dead-locked-tasks-handling.policy=\
			log only
		background-executor.queued-task-executor[0].name=\
			Low priority tasks
		background-executor.queued-task-executor[0].priority=\
			1
		background-executor.queued-task-executor[1].name=\
			Normal priority tasks
		background-executor.queued-task-executor[1].priority=\
			5
		background-executor.queued-task-executor[2].name=\
			High priority tasks
		background-executor.queued-task-executor[2].priority=\
			10
		background-executor.task-creation-tracking.enabled=\
			${background-executor.all-tasks-monitoring.enabled}
		banner.additonal-informations=\
			${Implementation-Title} ${Implementation-Version}
		banner.additonal-informations.retrieve-from-manifest-file-with-implementation-title=\
			Burningwave Core
		banner.file=\
			org/burningwave/banner.bwb
		banner.hide=\
			true
		buffer-handler.default-allocation-mode=\
			ByteBuffer::allocateDirect
		buffer-handler.default-buffer-size=\
			1024
		group-name-for-named-elements=\
			Burningwave
		iterable-object-helper.default-values-separator=\
			;
		iterable-object-helper.parallel-iteration.applicability.default-minimum-collection-size=\
			2
		iterable-object-helper.parallel-iteration.applicability.max-runtime-thread-count-threshold=\
			autodetect
		iterable-object-helper.parallel-iteration.applicability.output-collection-enabled-types=\
			java.util.concurrent.ConcurrentHashMap$CollectionView;\
			java.util.Collections$SynchronizedCollection;\
			java.util.concurrent.CopyOnWriteArrayList;\
			java.util.concurrent.CopyOnWriteArraySet;\
			java.util.concurrent.BlockingQueue;\
			java.util.concurrent.ConcurrentSkipListSet;\
			java.util.concurrent.ConcurrentSkipListMap$EntrySet;\
			java.util.concurrent.ConcurrentSkipListMap$KeySet;\
			java.util.concurrent.ConcurrentSkipListMap$Values;
		jvm.driver.init=\
			false
		managed-logger.repository=\
			autodetect
		managed-logger.repository.enabled=\
			true
		managed-logger.repository.logging.warn.disabled-for=\
			org.burningwave.core.assembler.ComponentContainer$ClassLoader;\
			org.burningwave.core.classes.MemoryClassLoader;\
			org.burningwave.core.classes.PathScannerClassLoader;
		modules.export-all-to-all=\
			true
		resource-releaser.enabled=\
			true
		synchronizer.all-threads-monitoring.enabled=\
			false
		synchronizer.all-threads-monitoring.interval=\
			90000
		thread-supplier.default-daemon-flag-value=\
			true
		thread-supplier.default-thread-priority=\
			5
		thread-supplier.max-detached-thread-count=\
			${thread-supplier.max-poolable-thread-count}
		thread-supplier.max-detached-thread-count.elapsed-time-threshold-from-last-increase-for-gradual-decreasing-to-initial-value=\
			30000
		thread-supplier.max-detached-thread-count.increasing-step=\
			autodetect
		thread-supplier.max-poolable-thread-count=\
			autodetect
		thread-supplier.poolable-thread-request-timeout=\
			6000


2026-05-03 06:45:52,088 [main] INFO  o.b.core.jvm.BufferHandler - (BufferHandler.java:127) - default buffer size: 1024 bytes
2026-05-03 06:45:52,089 [main] INFO  o.b.core.jvm.BufferHandler - (BufferHandler.java:141) - default allocation mode: ByteBuffer::allocateDirect
2026-05-03 06:45:52,092 [main] INFO  org.burningwave.core.Cache - (Cache.java:76) - Building cache
2026-05-03 06:45:52,122 [main] INFO  o.b.c.a.StaticComponentContainer - (StaticComponentContainer.java:443) - org.burningwave.core.assembler.StaticComponentContainer initialized in 0.1387026 seconds
2026-05-03 06:47:51,246 [Worker-8: Building] INFO  o.a.m.s.f.DefaultMavenResourcesFiltering - Copying 33 resources from src\main\resources to target\classes
2026-05-03 06:47:51,257 [Worker-8: Building] INFO  o.a.m.s.f.DefaultMavenResourcesFiltering - Copying 0 resource from src\test\resources to target\test-classes
2026-05-03 06:52:49,387 [Worker-25: Building] INFO  o.a.m.s.f.DefaultMavenResourcesFiltering - Copying 33 resources from src\main\resources to target\classes
2026-05-03 06:52:49,395 [Worker-25: Building] INFO  o.a.m.s.f.DefaultMavenResourcesFiltering - Copying 0 resource from src\test\resources to target\test-classes
2026-05-03 07:01:46,584 [Worker-24: Building] INFO  o.a.m.s.f.DefaultMavenResourcesFiltering - Copying 33 resources from src\main\resources to target\classes
2026-05-03 07:01:46,591 [Worker-24: Building] INFO  o.a.m.s.f.DefaultMavenResourcesFiltering - Copying 0 resource from src\test\resources to target\test-classes
2026-05-03 07:03:58,947 [Worker-39: Building] INFO  o.a.m.s.f.DefaultMavenResourcesFiltering - Copying 33 resources from src\main\resources to target\classes
2026-05-03 07:03:58,957 [Worker-39: Building] INFO  o.a.m.s.f.DefaultMavenResourcesFiltering - Copying 0 resource from src\test\resources to target\test-classes
2026-05-03 07:07:37,060 [Worker-41: Building] INFO  o.a.m.s.f.DefaultMavenResourcesFiltering - Copying 33 resources from src\main\resources to target\classes
2026-05-03 07:07:37,069 [Worker-41: Building] INFO  o.a.m.s.f.DefaultMavenResourcesFiltering - Copying 0 resource from src\test\resources to target\test-classes
2026-05-03 07:10:32,687 [Worker-13: Building] INFO  o.a.m.s.f.DefaultMavenResourcesFiltering - Copying 33 resources from src\main\resources to target\classes
2026-05-03 07:10:32,697 [Worker-13: Building] INFO  o.a.m.s.f.DefaultMavenResourcesFiltering - Copying 0 resource from src\test\resources to target\test-classes
2026-05-03 07:11:33,553 [Burningwave - Resource releaser] INFO  o.b.c.a.StaticComponentContainer - (StaticComponentContainer.java:391) - ... Waiting for all tasks ending
2026-05-03 07:11:33,565 [Burningwave - Resource releaser] INFO  o.b.c.a.StaticComponentContainer - (StaticComponentContainer.java:397) - Closing all component containers
2026-05-03 07:11:33,578 [Burningwave - Resource releaser] INFO  o.b.c.a.StaticComponentContainer - (StaticComponentContainer.java:403) - Closing FileSystemHelper
2026-05-03 07:11:33,588 [Burningwave - Resource releaser] INFO  o.b.c.a.StaticComponentContainer - (StaticComponentContainer.java:409) - ... Waiting for all tasks ending before shutting down the BackgroundExecutor
2026-05-03 07:11:33,589 [Burningwave - Resource releaser] INFO  o.b.c.a.StaticComponentContainer - (StaticComponentContainer.java:414) - Shutting down BackgroundExecutor
2026-05-03 07:11:33,592 [Burningwave - Resource releaser] INFO  o.b.c.a.StaticComponentContainer - (StaticComponentContainer.java:420) - Stopping all threads monitoring thread
2026-05-03 07:11:33,595 [Burningwave - Resource releaser] INFO  o.b.c.a.StaticComponentContainer - (StaticComponentContainer.java:425) - Closing ThreadHolder
2026-05-03 07:11:33,597 [Burningwave - Resource releaser] INFO  o.b.c.a.StaticComponentContainer - (StaticComponentContainer.java:430) - Shutting down ThreadSupplier
2026-05-05 12:37:23,630 [main] INFO  o.b.c.a.StaticComponentContainer - (StaticComponentContainer.java:368) - Instantiated org.burningwave.core.SLF4JManagedLoggerRepository
2026-05-05 12:37:23,633 [main] INFO  o.b.c.a.StaticComponentContainer - (StaticComponentContainer.java:369) - 

	Configuration values for static components:

		background-executor.all-tasks-monitoring.enabled=\
			true
		background-executor.all-tasks-monitoring.interval=\
			30000
		background-executor.all-tasks-monitoring.logger.enabled=\
			false
		background-executor.all-tasks-monitoring.minimum-elapsed-time-to-consider-a-task-as-probable-dead-locked=\
			300000
		background-executor.all-tasks-monitoring.probable-dead-locked-tasks-handling.policy=\
			log only
		background-executor.queued-task-executor[0].name=\
			Low priority tasks
		background-executor.queued-task-executor[0].priority=\
			1
		background-executor.queued-task-executor[1].name=\
			Normal priority tasks
		background-executor.queued-task-executor[1].priority=\
			5
		background-executor.queued-task-executor[2].name=\
			High priority tasks
		background-executor.queued-task-executor[2].priority=\
			10
		background-executor.task-creation-tracking.enabled=\
			${background-executor.all-tasks-monitoring.enabled}
		banner.additonal-informations=\
			${Implementation-Title} ${Implementation-Version}
		banner.additonal-informations.retrieve-from-manifest-file-with-implementation-title=\
			Burningwave Core
		banner.file=\
			org/burningwave/banner.bwb
		banner.hide=\
			true
		buffer-handler.default-allocation-mode=\
			ByteBuffer::allocateDirect
		buffer-handler.default-buffer-size=\
			1024
		group-name-for-named-elements=\
			Burningwave
		iterable-object-helper.default-values-separator=\
			;
		iterable-object-helper.parallel-iteration.applicability.default-minimum-collection-size=\
			2
		iterable-object-helper.parallel-iteration.applicability.max-runtime-thread-count-threshold=\
			autodetect
		iterable-object-helper.parallel-iteration.applicability.output-collection-enabled-types=\
			java.util.concurrent.ConcurrentHashMap$CollectionView;\
			java.util.Collections$SynchronizedCollection;\
			java.util.concurrent.CopyOnWriteArrayList;\
			java.util.concurrent.CopyOnWriteArraySet;\
			java.util.concurrent.BlockingQueue;\
			java.util.concurrent.ConcurrentSkipListSet;\
			java.util.concurrent.ConcurrentSkipListMap$EntrySet;\
			java.util.concurrent.ConcurrentSkipListMap$KeySet;\
			java.util.concurrent.ConcurrentSkipListMap$Values;
		jvm.driver.init=\
			false
		managed-logger.repository=\
			autodetect
		managed-logger.repository.enabled=\
			true
		managed-logger.repository.logging.warn.disabled-for=\
			org.burningwave.core.assembler.ComponentContainer$ClassLoader;\
			org.burningwave.core.classes.MemoryClassLoader;\
			org.burningwave.core.classes.PathScannerClassLoader;
		modules.export-all-to-all=\
			true
		resource-releaser.enabled=\
			true
		synchronizer.all-threads-monitoring.enabled=\
			false
		synchronizer.all-threads-monitoring.interval=\
			90000
		thread-supplier.default-daemon-flag-value=\
			true
		thread-supplier.default-thread-priority=\
			5
		thread-supplier.max-detached-thread-count=\
			${thread-supplier.max-poolable-thread-count}
		thread-supplier.max-detached-thread-count.elapsed-time-threshold-from-last-increase-for-gradual-decreasing-to-initial-value=\
			30000
		thread-supplier.max-detached-thread-count.increasing-step=\
			autodetect
		thread-supplier.max-poolable-thread-count=\
			autodetect
		thread-supplier.poolable-thread-request-timeout=\
			6000


2026-05-05 12:37:23,637 [main] INFO  o.b.core.jvm.BufferHandler - (BufferHandler.java:127) - default buffer size: 1024 bytes
2026-05-05 12:37:23,639 [main] INFO  o.b.core.jvm.BufferHandler - (BufferHandler.java:141) - default allocation mode: ByteBuffer::allocateDirect
2026-05-05 12:37:23,643 [main] INFO  org.burningwave.core.Cache - (Cache.java:76) - Building cache
2026-05-05 12:37:23,667 [main] INFO  o.b.c.a.StaticComponentContainer - (StaticComponentContainer.java:443) - org.burningwave.core.assembler.StaticComponentContainer initialized in 0.126636 seconds
2026-05-05 12:37:27,135 [Worker-5: Loading available Gradle versions] INFO  o.e.b.c.i.u.g.PublishedGradleVersions - Gradle version information cache is out-of-date. Trying to update.
2026-05-05 12:40:11,732 [Worker-2: Building] WARN  o.a.m.r.i.DefaultArtifactDescriptorReader - 6 problems were encountered while building the effective model for org.openjfx:javafx-controls:jar:21 during dependency collection step for project (use -X to see details)
2026-05-05 12:40:12,158 [Worker-2: Building] INFO  o.a.m.s.f.DefaultMavenResourcesFiltering - Copying 33 resources from src\main\resources to target\classes
2026-05-05 12:40:12,179 [Worker-2: Building] INFO  o.a.m.s.f.DefaultMavenResourcesFiltering - Copying 0 resource from src\test\resources to target\test-classes
2026-05-05 12:40:38,634 [Worker-4: Building] INFO  o.a.m.s.f.DefaultMavenResourcesFiltering - Copying 1 resource from src\main\resources to target\classes
2026-05-05 12:40:38,642 [Worker-4: Building] INFO  o.a.m.s.f.DefaultMavenResourcesFiltering - Copying 0 resource from src\test\resources to target\test-classes
2026-05-05 12:54:21,595 [Worker-4: Building] INFO  o.a.m.s.f.DefaultMavenResourcesFiltering - Copying 33 resources from src\main\resources to target\classes
2026-05-05 12:54:21,603 [Worker-4: Building] INFO  o.a.m.s.f.DefaultMavenResourcesFiltering - Copying 0 resource from src\test\resources to target\test-classes
2026-05-05 12:54:30,016 [Worker-16: Building] INFO  o.a.m.s.f.DefaultMavenResourcesFiltering - Copying 33 resources from src\main\resources to target\classes
2026-05-05 12:54:30,024 [Worker-16: Building] INFO  o.a.m.s.f.DefaultMavenResourcesFiltering - Copying 0 resource from src\test\resources to target\test-classes
2026-05-05 12:56:37,038 [Worker-16: Building] INFO  o.a.m.s.f.DefaultMavenResourcesFiltering - Copying 33 resources from src\main\resources to target\classes
2026-05-05 12:56:37,045 [Worker-16: Building] INFO  o.a.m.s.f.DefaultMavenResourcesFiltering - Copying 0 resource from src\test\resources to target\test-classes
2026-05-05 13:01:38,138 [Worker-42: Building] INFO  o.a.m.s.f.DefaultMavenResourcesFiltering - Copying 33 resources from src\main\resources to target\classes
2026-05-05 13:01:38,144 [Worker-42: Building] INFO  o.a.m.s.f.DefaultMavenResourcesFiltering - Copying 0 resource from src\test\resources to target\test-classes
2026-05-05 13:05:15,248 [Worker-2: Building] INFO  o.a.m.s.f.DefaultMavenResourcesFiltering - Copying 33 resources from src\main\resources to target\classes
2026-05-05 13:05:15,254 [Worker-2: Building] INFO  o.a.m.s.f.DefaultMavenResourcesFiltering - Copying 0 resource from src\test\resources to target\test-classes
2026-05-05 13:08:35,094 [Worker-42: Building] INFO  o.a.m.s.f.DefaultMavenResourcesFiltering - Copying 33 resources from src\main\resources to target\classes
2026-05-05 13:08:35,103 [Worker-42: Building] INFO  o.a.m.s.f.DefaultMavenResourcesFiltering - Copying 0 resource from src\test\resources to target\test-classes
2026-05-05 13:08:41,138 [Worker-42: Building] INFO  o.a.m.s.f.DefaultMavenResourcesFiltering - Copying 33 resources from src\main\resources to target\classes
2026-05-05 13:08:41,146 [Worker-42: Building] INFO  o.a.m.s.f.DefaultMavenResourcesFiltering - Copying 0 resource from src\test\resources to target\test-classes
2026-05-05 13:12:20,934 [Worker-42: Building] INFO  o.a.m.s.f.DefaultMavenResourcesFiltering - Copying 33 resources from src\main\resources to target\classes
2026-05-05 13:12:20,941 [Worker-42: Building] INFO  o.a.m.s.f.DefaultMavenResourcesFiltering - Copying 0 resource from src\test\resources to target\test-classes
2026-05-05 13:12:27,872 [Worker-41: Building] INFO  o.a.m.s.f.DefaultMavenResourcesFiltering - Copying 33 resources from src\main\resources to target\classes
2026-05-05 13:12:27,877 [Worker-41: Building] INFO  o.a.m.s.f.DefaultMavenResourcesFiltering - Copying 0 resource from src\test\resources to target\test-classes
2026-05-05 13:20:36,726 [Worker-45: Building] INFO  o.a.m.s.f.DefaultMavenResourcesFiltering - Copying 1 resource from src\main\resources to target\classes
2026-05-05 13:20:36,730 [Worker-45: Building] INFO  o.a.m.s.f.DefaultMavenResourcesFiltering - Copying 0 resource from src\test\resources to target\test-classes
2026-05-05 13:20:51,045 [Worker-4: Building] INFO  o.a.m.s.f.DefaultMavenResourcesFiltering - Copying 33 resources from src\main\resources to target\classes
2026-05-05 13:20:51,050 [Worker-4: Building] INFO  o.a.m.s.f.DefaultMavenResourcesFiltering - Copying 0 resource from src\test\resources to target\test-classes
2026-05-05 13:23:01,226 [Burningwave - Resource releaser] INFO  o.b.c.a.StaticComponentContainer - (StaticComponentContainer.java:391) - ... Waiting for all tasks ending
2026-05-05 13:23:01,227 [Burningwave - Resource releaser] INFO  o.b.c.a.StaticComponentContainer - (StaticComponentContainer.java:397) - Closing all component containers
2026-05-05 13:23:01,232 [Burningwave - Resource releaser] INFO  o.b.c.a.StaticComponentContainer - (StaticComponentContainer.java:403) - Closing FileSystemHelper
2026-05-05 13:23:01,233 [Burningwave - Resource releaser] INFO  o.b.c.a.StaticComponentContainer - (StaticComponentContainer.java:409) - ... Waiting for all tasks ending before shutting down the BackgroundExecutor
2026-05-05 13:23:01,234 [Burningwave - Resource releaser] INFO  o.b.c.a.StaticComponentContainer - (StaticComponentContainer.java:414) - Shutting down BackgroundExecutor
2026-05-05 13:23:01,235 [Burningwave - Resource releaser] INFO  o.b.c.a.StaticComponentContainer - (StaticComponentContainer.java:420) - Stopping all threads monitoring thread
2026-05-05 13:23:01,235 [Burningwave - Resource releaser] INFO  o.b.c.a.StaticComponentContainer - (StaticComponentContainer.java:425) - Closing ThreadHolder
2026-05-05 13:23:01,235 [Burningwave - Resource releaser] INFO  o.b.c.a.StaticComponentContainer - (StaticComponentContainer.java:430) - Shutting down ThreadSupplier
2026-05-06 12:22:26,769 [main] INFO  o.b.c.a.StaticComponentContainer - (StaticComponentContainer.java:368) - Instantiated org.burningwave.core.SLF4JManagedLoggerRepository
2026-05-06 12:22:26,771 [main] INFO  o.b.c.a.StaticComponentContainer - (StaticComponentContainer.java:369) - 

	Configuration values for static components:

		background-executor.all-tasks-monitoring.enabled=\
			true
		background-executor.all-tasks-monitoring.interval=\
			30000
		background-executor.all-tasks-monitoring.logger.enabled=\
			false
		background-executor.all-tasks-monitoring.minimum-elapsed-time-to-consider-a-task-as-probable-dead-locked=\
			300000
		background-executor.all-tasks-monitoring.probable-dead-locked-tasks-handling.policy=\
			log only
		background-executor.queued-task-executor[0].name=\
			Low priority tasks
		background-executor.queued-task-executor[0].priority=\
			1
		background-executor.queued-task-executor[1].name=\
			Normal priority tasks
		background-executor.queued-task-executor[1].priority=\
			5
		background-executor.queued-task-executor[2].name=\
			High priority tasks
		background-executor.queued-task-executor[2].priority=\
			10
		background-executor.task-creation-tracking.enabled=\
			${background-executor.all-tasks-monitoring.enabled}
		banner.additonal-informations=\
			${Implementation-Title} ${Implementation-Version}
		banner.additonal-informations.retrieve-from-manifest-file-with-implementation-title=\
			Burningwave Core
		banner.file=\
			org/burningwave/banner.bwb
		banner.hide=\
			true
		buffer-handler.default-allocation-mode=\
			ByteBuffer::allocateDirect
		buffer-handler.default-buffer-size=\
			1024
		group-name-for-named-elements=\
			Burningwave
		iterable-object-helper.default-values-separator=\
			;
		iterable-object-helper.parallel-iteration.applicability.default-minimum-collection-size=\
			2
		iterable-object-helper.parallel-iteration.applicability.max-runtime-thread-count-threshold=\
			autodetect
		iterable-object-helper.parallel-iteration.applicability.output-collection-enabled-types=\
			java.util.concurrent.ConcurrentHashMap$CollectionView;\
			java.util.Collections$SynchronizedCollection;\
			java.util.concurrent.CopyOnWriteArrayList;\
			java.util.concurrent.CopyOnWriteArraySet;\
			java.util.concurrent.BlockingQueue;\
			java.util.concurrent.ConcurrentSkipListSet;\
			java.util.concurrent.ConcurrentSkipListMap$EntrySet;\
			java.util.concurrent.ConcurrentSkipListMap$KeySet;\
			java.util.concurrent.ConcurrentSkipListMap$Values;
		jvm.driver.init=\
			false
		managed-logger.repository=\
			autodetect
		managed-logger.repository.enabled=\
			true
		managed-logger.repository.logging.warn.disabled-for=\
			org.burningwave.core.assembler.ComponentContainer$ClassLoader;\
			org.burningwave.core.classes.MemoryClassLoader;\
			org.burningwave.core.classes.PathScannerClassLoader;
		modules.export-all-to-all=\
			true
		resource-releaser.enabled=\
			true
		synchronizer.all-threads-monitoring.enabled=\
			false
		synchronizer.all-threads-monitoring.interval=\
			90000
		thread-supplier.default-daemon-flag-value=\
			true
		thread-supplier.default-thread-priority=\
			5
		thread-supplier.max-detached-thread-count=\
			${thread-supplier.max-poolable-thread-count}
		thread-supplier.max-detached-thread-count.elapsed-time-threshold-from-last-increase-for-gradual-decreasing-to-initial-value=\
			30000
		thread-supplier.max-detached-thread-count.increasing-step=\
			autodetect
		thread-supplier.max-poolable-thread-count=\
			autodetect
		thread-supplier.poolable-thread-request-timeout=\
			6000


2026-05-06 12:22:26,773 [main] INFO  o.b.core.jvm.BufferHandler - (BufferHandler.java:127) - default buffer size: 1024 bytes
2026-05-06 12:22:26,774 [main] INFO  o.b.core.jvm.BufferHandler - (BufferHandler.java:141) - default allocation mode: ByteBuffer::allocateDirect
2026-05-06 12:22:26,777 [main] INFO  org.burningwave.core.Cache - (Cache.java:76) - Building cache
2026-05-06 12:22:26,799 [main] INFO  o.b.c.a.StaticComponentContainer - (StaticComponentContainer.java:443) - org.burningwave.core.assembler.StaticComponentContainer initialized in 0.1048122 seconds
2026-05-06 12:22:30,989 [Worker-5: Loading available Gradle versions] INFO  o.e.b.c.i.u.g.PublishedGradleVersions - Gradle version information cache is up-to-date. Trying to read.
2026-05-06 12:22:51,465 [Worker-21: Launching Main] WARN  o.a.m.r.i.DefaultArtifactDescriptorReader - 6 problems were encountered while building the effective model for org.openjfx:javafx-controls:jar:21 during dependency collection step for project (use -X to see details)
2026-05-06 13:58:50,293 [Burningwave - Resource releaser] INFO  o.b.c.a.StaticComponentContainer - (StaticComponentContainer.java:391) - ... Waiting for all tasks ending
2026-05-06 13:58:50,303 [Burningwave - Resource releaser] INFO  o.b.c.a.StaticComponentContainer - (StaticComponentContainer.java:397) - Closing all component containers
2026-05-06 13:58:50,309 [Burningwave - Resource releaser] INFO  o.b.c.a.StaticComponentContainer - (StaticComponentContainer.java:403) - Closing FileSystemHelper
2026-05-06 13:58:50,314 [Burningwave - Resource releaser] INFO  o.b.c.a.StaticComponentContainer - (StaticComponentContainer.java:409) - ... Waiting for all tasks ending before shutting down the BackgroundExecutor
2026-05-06 13:58:50,316 [Burningwave - Resource releaser] INFO  o.b.c.a.StaticComponentContainer - (StaticComponentContainer.java:414) - Shutting down BackgroundExecutor
2026-05-06 13:58:50,318 [Burningwave - Resource releaser] INFO  o.b.c.a.StaticComponentContainer - (StaticComponentContainer.java:420) - Stopping all threads monitoring thread
2026-05-06 13:58:50,320 [Burningwave - Resource releaser] INFO  o.b.c.a.StaticComponentContainer - (StaticComponentContainer.java:425) - Closing ThreadHolder
2026-05-06 13:58:50,323 [Burningwave - Resource releaser] INFO  o.b.c.a.StaticComponentContainer - (StaticComponentContainer.java:430) - Shutting down ThreadSupplier
2026-05-06 14:13:27,370 [main] INFO  o.b.c.a.StaticComponentContainer - (StaticComponentContainer.java:368) - Instantiated org.burningwave.core.SLF4JManagedLoggerRepository
2026-05-06 14:13:27,375 [main] INFO  o.b.c.a.StaticComponentContainer - (StaticComponentContainer.java:369) - 

	Configuration values for static components:

		background-executor.all-tasks-monitoring.enabled=\
			true
		background-executor.all-tasks-monitoring.interval=\
			30000
		background-executor.all-tasks-monitoring.logger.enabled=\
			false
		background-executor.all-tasks-monitoring.minimum-elapsed-time-to-consider-a-task-as-probable-dead-locked=\
			300000
		background-executor.all-tasks-monitoring.probable-dead-locked-tasks-handling.policy=\
			log only
		background-executor.queued-task-executor[0].name=\
			Low priority tasks
		background-executor.queued-task-executor[0].priority=\
			1
		background-executor.queued-task-executor[1].name=\
			Normal priority tasks
		background-executor.queued-task-executor[1].priority=\
			5
		background-executor.queued-task-executor[2].name=\
			High priority tasks
		background-executor.queued-task-executor[2].priority=\
			10
		background-executor.task-creation-tracking.enabled=\
			${background-executor.all-tasks-monitoring.enabled}
		banner.additonal-informations=\
			${Implementation-Title} ${Implementation-Version}
		banner.additonal-informations.retrieve-from-manifest-file-with-implementation-title=\
			Burningwave Core
		banner.file=\
			org/burningwave/banner.bwb
		banner.hide=\
			true
		buffer-handler.default-allocation-mode=\
			ByteBuffer::allocateDirect
		buffer-handler.default-buffer-size=\
			1024
		group-name-for-named-elements=\
			Burningwave
		iterable-object-helper.default-values-separator=\
			;
		iterable-object-helper.parallel-iteration.applicability.default-minimum-collection-size=\
			2
		iterable-object-helper.parallel-iteration.applicability.max-runtime-thread-count-threshold=\
			autodetect
		iterable-object-helper.parallel-iteration.applicability.output-collection-enabled-types=\
			java.util.concurrent.ConcurrentHashMap$CollectionView;\
			java.util.Collections$SynchronizedCollection;\
			java.util.concurrent.CopyOnWriteArrayList;\
			java.util.concurrent.CopyOnWriteArraySet;\
			java.util.concurrent.BlockingQueue;\
			java.util.concurrent.ConcurrentSkipListSet;\
			java.util.concurrent.ConcurrentSkipListMap$EntrySet;\
			java.util.concurrent.ConcurrentSkipListMap$KeySet;\
			java.util.concurrent.ConcurrentSkipListMap$Values;
		jvm.driver.init=\
			false
		managed-logger.repository=\
			autodetect
		managed-logger.repository.enabled=\
			true
		managed-logger.repository.logging.warn.disabled-for=\
			org.burningwave.core.assembler.ComponentContainer$ClassLoader;\
			org.burningwave.core.classes.MemoryClassLoader;\
			org.burningwave.core.classes.PathScannerClassLoader;
		modules.export-all-to-all=\
			true
		resource-releaser.enabled=\
			true
		synchronizer.all-threads-monitoring.enabled=\
			false
		synchronizer.all-threads-monitoring.interval=\
			90000
		thread-supplier.default-daemon-flag-value=\
			true
		thread-supplier.default-thread-priority=\
			5
		thread-supplier.max-detached-thread-count=\
			${thread-supplier.max-poolable-thread-count}
		thread-supplier.max-detached-thread-count.elapsed-time-threshold-from-last-increase-for-gradual-decreasing-to-initial-value=\
			30000
		thread-supplier.max-detached-thread-count.increasing-step=\
			autodetect
		thread-supplier.max-poolable-thread-count=\
			autodetect
		thread-supplier.poolable-thread-request-timeout=\
			6000


2026-05-06 14:13:27,378 [main] INFO  o.b.core.jvm.BufferHandler - (BufferHandler.java:127) - default buffer size: 1024 bytes
2026-05-06 14:13:27,379 [main] INFO  o.b.core.jvm.BufferHandler - (BufferHandler.java:141) - default allocation mode: ByteBuffer::allocateDirect
2026-05-06 14:13:27,383 [main] INFO  org.burningwave.core.Cache - (Cache.java:76) - Building cache
2026-05-06 14:13:27,411 [main] INFO  o.b.c.a.StaticComponentContainer - (StaticComponentContainer.java:443) - org.burningwave.core.assembler.StaticComponentContainer initialized in 0.1639558 seconds
2026-05-06 14:13:35,578 [Worker-2: Loading available Gradle versions] INFO  o.e.b.c.i.u.g.PublishedGradleVersions - Gradle version information cache is out-of-date. Trying to update.
2026-05-06 14:13:41,300 [Worker-2: Loading available Gradle versions] INFO  o.e.b.c.i.u.g.PublishedGradleVersions - Updating Gradle version information cache failed. Using outdated cache.
2026-05-06 14:13:56,727 [Worker-20: Launching Main] WARN  o.a.m.r.i.DefaultArtifactDescriptorReader - 6 problems were encountered while building the effective model for org.openjfx:javafx-controls:jar:21 during dependency collection step for project (use -X to see details)
2026-05-06 14:54:33,082 [Burningwave - Resource releaser] INFO  o.b.c.a.StaticComponentContainer - (StaticComponentContainer.java:391) - ... Waiting for all tasks ending
2026-05-06 14:54:33,086 [Burningwave - Resource releaser] INFO  o.b.c.a.StaticComponentContainer - (StaticComponentContainer.java:397) - Closing all component containers
2026-05-06 14:54:33,091 [Burningwave - Resource releaser] INFO  o.b.c.a.StaticComponentContainer - (StaticComponentContainer.java:403) - Closing FileSystemHelper
2026-05-06 14:54:33,093 [Burningwave - Resource releaser] INFO  o.b.c.a.StaticComponentContainer - (StaticComponentContainer.java:409) - ... Waiting for all tasks ending before shutting down the BackgroundExecutor
2026-05-06 14:54:33,094 [Burningwave - Resource releaser] INFO  o.b.c.a.StaticComponentContainer - (StaticComponentContainer.java:414) - Shutting down BackgroundExecutor
2026-05-06 14:54:33,096 [Burningwave - Resource releaser] INFO  o.b.c.a.StaticComponentContainer - (StaticComponentContainer.java:420) - Stopping all threads monitoring thread
2026-05-06 14:54:33,097 [Burningwave - Resource releaser] INFO  o.b.c.a.StaticComponentContainer - (StaticComponentContainer.java:425) - Closing ThreadHolder
2026-05-06 14:54:33,100 [Burningwave - Resource releaser] INFO  o.b.c.a.StaticComponentContainer - (StaticComponentContainer.java:430) - Shutting down ThreadSupplier
2026-05-06 14:58:00,603 [main] INFO  o.b.c.a.StaticComponentContainer - (StaticComponentContainer.java:368) - Instantiated org.burningwave.core.SLF4JManagedLoggerRepository
2026-05-06 14:58:00,605 [main] INFO  o.b.c.a.StaticComponentContainer - (StaticComponentContainer.java:369) - 

	Configuration values for static components:

		background-executor.all-tasks-monitoring.enabled=\
			true
		background-executor.all-tasks-monitoring.interval=\
			30000
		background-executor.all-tasks-monitoring.logger.enabled=\
			false
		background-executor.all-tasks-monitoring.minimum-elapsed-time-to-consider-a-task-as-probable-dead-locked=\
			300000
		background-executor.all-tasks-monitoring.probable-dead-locked-tasks-handling.policy=\
			log only
		background-executor.queued-task-executor[0].name=\
			Low priority tasks
		background-executor.queued-task-executor[0].priority=\
			1
		background-executor.queued-task-executor[1].name=\
			Normal priority tasks
		background-executor.queued-task-executor[1].priority=\
			5
		background-executor.queued-task-executor[2].name=\
			High priority tasks
		background-executor.queued-task-executor[2].priority=\
			10
		background-executor.task-creation-tracking.enabled=\
			${background-executor.all-tasks-monitoring.enabled}
		banner.additonal-informations=\
			${Implementation-Title} ${Implementation-Version}
		banner.additonal-informations.retrieve-from-manifest-file-with-implementation-title=\
			Burningwave Core
		banner.file=\
			org/burningwave/banner.bwb
		banner.hide=\
			true
		buffer-handler.default-allocation-mode=\
			ByteBuffer::allocateDirect
		buffer-handler.default-buffer-size=\
			1024
		group-name-for-named-elements=\
			Burningwave
		iterable-object-helper.default-values-separator=\
			;
		iterable-object-helper.parallel-iteration.applicability.default-minimum-collection-size=\
			2
		iterable-object-helper.parallel-iteration.applicability.max-runtime-thread-count-threshold=\
			autodetect
		iterable-object-helper.parallel-iteration.applicability.output-collection-enabled-types=\
			java.util.concurrent.ConcurrentHashMap$CollectionView;\
			java.util.Collections$SynchronizedCollection;\
			java.util.concurrent.CopyOnWriteArrayList;\
			java.util.concurrent.CopyOnWriteArraySet;\
			java.util.concurrent.BlockingQueue;\
			java.util.concurrent.ConcurrentSkipListSet;\
			java.util.concurrent.ConcurrentSkipListMap$EntrySet;\
			java.util.concurrent.ConcurrentSkipListMap$KeySet;\
			java.util.concurrent.ConcurrentSkipListMap$Values;
		jvm.driver.init=\
			false
		managed-logger.repository=\
			autodetect
		managed-logger.repository.enabled=\
			true
		managed-logger.repository.logging.warn.disabled-for=\
			org.burningwave.core.assembler.ComponentContainer$ClassLoader;\
			org.burningwave.core.classes.MemoryClassLoader;\
			org.burningwave.core.classes.PathScannerClassLoader;
		modules.export-all-to-all=\
			true
		resource-releaser.enabled=\
			true
		synchronizer.all-threads-monitoring.enabled=\
			false
		synchronizer.all-threads-monitoring.interval=\
			90000
		thread-supplier.default-daemon-flag-value=\
			true
		thread-supplier.default-thread-priority=\
			5
		thread-supplier.max-detached-thread-count=\
			${thread-supplier.max-poolable-thread-count}
		thread-supplier.max-detached-thread-count.elapsed-time-threshold-from-last-increase-for-gradual-decreasing-to-initial-value=\
			30000
		thread-supplier.max-detached-thread-count.increasing-step=\
			autodetect
		thread-supplier.max-poolable-thread-count=\
			autodetect
		thread-supplier.poolable-thread-request-timeout=\
			6000


2026-05-06 14:58:00,606 [main] INFO  o.b.core.jvm.BufferHandler - (BufferHandler.java:127) - default buffer size: 1024 bytes
2026-05-06 14:58:00,607 [main] INFO  o.b.core.jvm.BufferHandler - (BufferHandler.java:141) - default allocation mode: ByteBuffer::allocateDirect
2026-05-06 14:58:00,611 [main] INFO  org.burningwave.core.Cache - (Cache.java:76) - Building cache
2026-05-06 14:58:00,626 [main] INFO  o.b.c.a.StaticComponentContainer - (StaticComponentContainer.java:443) - org.burningwave.core.assembler.StaticComponentContainer initialized in 0.0769879 seconds
2026-05-06 14:58:03,541 [Worker-7: Loading available Gradle versions] INFO  o.e.b.c.i.u.g.PublishedGradleVersions - Gradle version information cache is out-of-date. Trying to update.
2026-05-06 14:58:14,105 [Worker-7: Loading available Gradle versions] INFO  o.e.b.c.i.u.g.PublishedGradleVersions - Updating Gradle version information cache failed. Using outdated cache.
2026-05-06 14:58:46,778 [Worker-12: Launching Main] WARN  o.a.m.r.i.DefaultArtifactDescriptorReader - 6 problems were encountered while building the effective model for org.openjfx:javafx-controls:jar:21 during dependency collection step for project (use -X to see details)
2026-05-06 16:09:11,318 [Burningwave - Resource releaser] INFO  o.b.c.a.StaticComponentContainer - (StaticComponentContainer.java:391) - ... Waiting for all tasks ending
2026-05-06 16:09:11,321 [Burningwave - Resource releaser] INFO  o.b.c.a.StaticComponentContainer - (StaticComponentContainer.java:397) - Closing all component containers
2026-05-06 16:09:11,323 [Burningwave - Resource releaser] INFO  o.b.c.a.StaticComponentContainer - (StaticComponentContainer.java:403) - Closing FileSystemHelper
2026-05-06 16:09:11,325 [Burningwave - Resource releaser] INFO  o.b.c.a.StaticComponentContainer - (StaticComponentContainer.java:409) - ... Waiting for all tasks ending before shutting down the BackgroundExecutor
2026-05-06 16:09:11,327 [Burningwave - Resource releaser] INFO  o.b.c.a.StaticComponentContainer - (StaticComponentContainer.java:414) - Shutting down BackgroundExecutor
2026-05-06 16:09:11,328 [Burningwave - Resource releaser] INFO  o.b.c.a.StaticComponentContainer - (StaticComponentContainer.java:420) - Stopping all threads monitoring thread
2026-05-06 16:09:11,329 [Burningwave - Resource releaser] INFO  o.b.c.a.StaticComponentContainer - (StaticComponentContainer.java:425) - Closing ThreadHolder
2026-05-06 16:09:11,331 [Burningwave - Resource releaser] INFO  o.b.c.a.StaticComponentContainer - (StaticComponentContainer.java:430) - Shutting down ThreadSupplier
2026-05-06 17:20:39,147 [main] INFO  o.b.c.a.StaticComponentContainer - (StaticComponentContainer.java:368) - Instantiated org.burningwave.core.SLF4JManagedLoggerRepository
2026-05-06 17:20:39,149 [main] INFO  o.b.c.a.StaticComponentContainer - (StaticComponentContainer.java:369) - 

	Configuration values for static components:

		background-executor.all-tasks-monitoring.enabled=\
			true
		background-executor.all-tasks-monitoring.interval=\
			30000
		background-executor.all-tasks-monitoring.logger.enabled=\
			false
		background-executor.all-tasks-monitoring.minimum-elapsed-time-to-consider-a-task-as-probable-dead-locked=\
			300000
		background-executor.all-tasks-monitoring.probable-dead-locked-tasks-handling.policy=\
			log only
		background-executor.queued-task-executor[0].name=\
			Low priority tasks
		background-executor.queued-task-executor[0].priority=\
			1
		background-executor.queued-task-executor[1].name=\
			Normal priority tasks
		background-executor.queued-task-executor[1].priority=\
			5
		background-executor.queued-task-executor[2].name=\
			High priority tasks
		background-executor.queued-task-executor[2].priority=\
			10
		background-executor.task-creation-tracking.enabled=\
			${background-executor.all-tasks-monitoring.enabled}
		banner.additonal-informations=\
			${Implementation-Title} ${Implementation-Version}
		banner.additonal-informations.retrieve-from-manifest-file-with-implementation-title=\
			Burningwave Core
		banner.file=\
			org/burningwave/banner.bwb
		banner.hide=\
			true
		buffer-handler.default-allocation-mode=\
			ByteBuffer::allocateDirect
		buffer-handler.default-buffer-size=\
			1024
		group-name-for-named-elements=\
			Burningwave
		iterable-object-helper.default-values-separator=\
			;
		iterable-object-helper.parallel-iteration.applicability.default-minimum-collection-size=\
			2
		iterable-object-helper.parallel-iteration.applicability.max-runtime-thread-count-threshold=\
			autodetect
		iterable-object-helper.parallel-iteration.applicability.output-collection-enabled-types=\
			java.util.concurrent.ConcurrentHashMap$CollectionView;\
			java.util.Collections$SynchronizedCollection;\
			java.util.concurrent.CopyOnWriteArrayList;\
			java.util.concurrent.CopyOnWriteArraySet;\
			java.util.concurrent.BlockingQueue;\
			java.util.concurrent.ConcurrentSkipListSet;\
			java.util.concurrent.ConcurrentSkipListMap$EntrySet;\
			java.util.concurrent.ConcurrentSkipListMap$KeySet;\
			java.util.concurrent.ConcurrentSkipListMap$Values;
		jvm.driver.init=\
			false
		managed-logger.repository=\
			autodetect
		managed-logger.repository.enabled=\
			true
		managed-logger.repository.logging.warn.disabled-for=\
			org.burningwave.core.assembler.ComponentContainer$ClassLoader;\
			org.burningwave.core.classes.MemoryClassLoader;\
			org.burningwave.core.classes.PathScannerClassLoader;
		modules.export-all-to-all=\
			true
		resource-releaser.enabled=\
			true
		synchronizer.all-threads-monitoring.enabled=\
			false
		synchronizer.all-threads-monitoring.interval=\
			90000
		thread-supplier.default-daemon-flag-value=\
			true
		thread-supplier.default-thread-priority=\
			5
		thread-supplier.max-detached-thread-count=\
			${thread-supplier.max-poolable-thread-count}
		thread-supplier.max-detached-thread-count.elapsed-time-threshold-from-last-increase-for-gradual-decreasing-to-initial-value=\
			30000
		thread-supplier.max-detached-thread-count.increasing-step=\
			autodetect
		thread-supplier.max-poolable-thread-count=\
			autodetect
		thread-supplier.poolable-thread-request-timeout=\
			6000


2026-05-06 17:20:39,152 [main] INFO  o.b.core.jvm.BufferHandler - (BufferHandler.java:127) - default buffer size: 1024 bytes
2026-05-06 17:20:39,153 [main] INFO  o.b.core.jvm.BufferHandler - (BufferHandler.java:141) - default allocation mode: ByteBuffer::allocateDirect
2026-05-06 17:20:39,157 [main] INFO  org.burningwave.core.Cache - (Cache.java:76) - Building cache
2026-05-06 17:20:39,175 [main] INFO  o.b.c.a.StaticComponentContainer - (StaticComponentContainer.java:443) - org.burningwave.core.assembler.StaticComponentContainer initialized in 0.1056716 seconds
2026-05-06 17:20:41,576 [Worker-6: Loading available Gradle versions] INFO  o.e.b.c.i.u.g.PublishedGradleVersions - Gradle version information cache is out-of-date. Trying to update.
2026-05-06 17:20:42,804 [Worker-6: Loading available Gradle versions] INFO  o.e.b.c.i.u.g.PublishedGradleVersions - Updating Gradle version information cache failed. Using outdated cache.
2026-05-06 17:22:46,428 [Burningwave - Resource releaser] INFO  o.b.c.a.StaticComponentContainer - (StaticComponentContainer.java:391) - ... Waiting for all tasks ending
2026-05-06 17:22:46,431 [Burningwave - Resource releaser] INFO  o.b.c.a.StaticComponentContainer - (StaticComponentContainer.java:397) - Closing all component containers
2026-05-06 17:22:46,435 [Burningwave - Resource releaser] INFO  o.b.c.a.StaticComponentContainer - (StaticComponentContainer.java:403) - Closing FileSystemHelper
2026-05-06 17:22:46,438 [Burningwave - Resource releaser] INFO  o.b.c.a.StaticComponentContainer - (StaticComponentContainer.java:409) - ... Waiting for all tasks ending before shutting down the BackgroundExecutor
2026-05-06 17:22:46,439 [Burningwave - Resource releaser] INFO  o.b.c.a.StaticComponentContainer - (StaticComponentContainer.java:414) - Shutting down BackgroundExecutor
2026-05-06 17:22:46,440 [Burningwave - Resource releaser] INFO  o.b.c.a.StaticComponentContainer - (StaticComponentContainer.java:420) - Stopping all threads monitoring thread
2026-05-06 17:22:46,441 [Burningwave - Resource releaser] INFO  o.b.c.a.StaticComponentContainer - (StaticComponentContainer.java:425) - Closing ThreadHolder
2026-05-06 17:22:46,443 [Burningwave - Resource releaser] INFO  o.b.c.a.StaticComponentContainer - (StaticComponentContainer.java:430) - Shutting down ThreadSupplier
2026-05-07 10:19:03,662 [main] INFO  o.b.c.a.StaticComponentContainer - (StaticComponentContainer.java:368) - Instantiated org.burningwave.core.SLF4JManagedLoggerRepository
2026-05-07 10:19:03,664 [main] INFO  o.b.c.a.StaticComponentContainer - (StaticComponentContainer.java:369) - 

	Configuration values for static components:

		background-executor.all-tasks-monitoring.enabled=\
			true
		background-executor.all-tasks-monitoring.interval=\
			30000
		background-executor.all-tasks-monitoring.logger.enabled=\
			false
		background-executor.all-tasks-monitoring.minimum-elapsed-time-to-consider-a-task-as-probable-dead-locked=\
			300000
		background-executor.all-tasks-monitoring.probable-dead-locked-tasks-handling.policy=\
			log only
		background-executor.queued-task-executor[0].name=\
			Low priority tasks
		background-executor.queued-task-executor[0].priority=\
			1
		background-executor.queued-task-executor[1].name=\
			Normal priority tasks
		background-executor.queued-task-executor[1].priority=\
			5
		background-executor.queued-task-executor[2].name=\
			High priority tasks
		background-executor.queued-task-executor[2].priority=\
			10
		background-executor.task-creation-tracking.enabled=\
			${background-executor.all-tasks-monitoring.enabled}
		banner.additonal-informations=\
			${Implementation-Title} ${Implementation-Version}
		banner.additonal-informations.retrieve-from-manifest-file-with-implementation-title=\
			Burningwave Core
		banner.file=\
			org/burningwave/banner.bwb
		banner.hide=\
			true
		buffer-handler.default-allocation-mode=\
			ByteBuffer::allocateDirect
		buffer-handler.default-buffer-size=\
			1024
		group-name-for-named-elements=\
			Burningwave
		iterable-object-helper.default-values-separator=\
			;
		iterable-object-helper.parallel-iteration.applicability.default-minimum-collection-size=\
			2
		iterable-object-helper.parallel-iteration.applicability.max-runtime-thread-count-threshold=\
			autodetect
		iterable-object-helper.parallel-iteration.applicability.output-collection-enabled-types=\
			java.util.concurrent.ConcurrentHashMap$CollectionView;\
			java.util.Collections$SynchronizedCollection;\
			java.util.concurrent.CopyOnWriteArrayList;\
			java.util.concurrent.CopyOnWriteArraySet;\
			java.util.concurrent.BlockingQueue;\
			java.util.concurrent.ConcurrentSkipListSet;\
			java.util.concurrent.ConcurrentSkipListMap$EntrySet;\
			java.util.concurrent.ConcurrentSkipListMap$KeySet;\
			java.util.concurrent.ConcurrentSkipListMap$Values;
		jvm.driver.init=\
			false
		managed-logger.repository=\
			autodetect
		managed-logger.repository.enabled=\
			true
		managed-logger.repository.logging.warn.disabled-for=\
			org.burningwave.core.assembler.ComponentContainer$ClassLoader;\
			org.burningwave.core.classes.MemoryClassLoader;\
			org.burningwave.core.classes.PathScannerClassLoader;
		modules.export-all-to-all=\
			true
		resource-releaser.enabled=\
			true
		synchronizer.all-threads-monitoring.enabled=\
			false
		synchronizer.all-threads-monitoring.interval=\
			90000
		thread-supplier.default-daemon-flag-value=\
			true
		thread-supplier.default-thread-priority=\
			5
		thread-supplier.max-detached-thread-count=\
			${thread-supplier.max-poolable-thread-count}
		thread-supplier.max-detached-thread-count.elapsed-time-threshold-from-last-increase-for-gradual-decreasing-to-initial-value=\
			30000
		thread-supplier.max-detached-thread-count.increasing-step=\
			autodetect
		thread-supplier.max-poolable-thread-count=\
			autodetect
		thread-supplier.poolable-thread-request-timeout=\
			6000


2026-05-07 10:19:03,667 [main] INFO  o.b.core.jvm.BufferHandler - (BufferHandler.java:127) - default buffer size: 1024 bytes
2026-05-07 10:19:03,668 [main] INFO  o.b.core.jvm.BufferHandler - (BufferHandler.java:141) - default allocation mode: ByteBuffer::allocateDirect
2026-05-07 10:19:03,672 [main] INFO  org.burningwave.core.Cache - (Cache.java:76) - Building cache
2026-05-07 10:19:03,701 [main] INFO  o.b.c.a.StaticComponentContainer - (StaticComponentContainer.java:443) - org.burningwave.core.assembler.StaticComponentContainer initialized in 0.1225645 seconds
2026-05-07 10:19:07,743 [Worker-6: Loading available Gradle versions] INFO  o.e.b.c.i.u.g.PublishedGradleVersions - Gradle version information cache is out-of-date. Trying to update.
2026-05-07 10:23:31,180 [Worker-15: Building] WARN  o.a.m.r.i.DefaultArtifactDescriptorReader - 6 problems were encountered while building the effective model for org.openjfx:javafx-controls:jar:21 during dependency collection step for project (use -X to see details)
2026-05-07 10:23:31,795 [Worker-15: Building] INFO  o.a.m.s.f.DefaultMavenResourcesFiltering - Copying 33 resources from src\main\resources to target\classes
2026-05-07 10:23:31,834 [Worker-15: Building] INFO  o.a.m.s.f.DefaultMavenResourcesFiltering - Copying 0 resource from src\test\resources to target\test-classes
2026-05-07 10:23:42,368 [Worker-41: Building] INFO  o.a.m.s.f.DefaultMavenResourcesFiltering - Copying 33 resources from src\main\resources to target\classes
2026-05-07 10:23:42,375 [Worker-41: Building] INFO  o.a.m.s.f.DefaultMavenResourcesFiltering - Copying 0 resource from src\test\resources to target\test-classes
2026-05-07 10:27:44,552 [Worker-1: Building] INFO  o.a.m.s.f.DefaultMavenResourcesFiltering - Copying 33 resources from src\main\resources to target\classes
2026-05-07 10:27:44,559 [Worker-1: Building] INFO  o.a.m.s.f.DefaultMavenResourcesFiltering - Copying 0 resource from src\test\resources to target\test-classes
2026-05-07 10:31:32,491 [Worker-42: Building] INFO  o.a.m.s.f.DefaultMavenResourcesFiltering - Copying 33 resources from src\main\resources to target\classes
2026-05-07 10:31:32,496 [Worker-42: Building] INFO  o.a.m.s.f.DefaultMavenResourcesFiltering - Copying 0 resource from src\test\resources to target\test-classes
2026-05-07 10:31:44,011 [Worker-23: Building] INFO  o.a.m.s.f.DefaultMavenResourcesFiltering - Copying 33 resources from src\main\resources to target\classes
2026-05-07 10:31:44,018 [Worker-23: Building] INFO  o.a.m.s.f.DefaultMavenResourcesFiltering - Copying 0 resource from src\test\resources to target\test-classes
2026-05-07 10:32:02,887 [Worker-1: Building] INFO  o.a.m.s.f.DefaultMavenResourcesFiltering - Copying 33 resources from src\main\resources to target\classes
2026-05-07 10:32:02,897 [Worker-1: Building] INFO  o.a.m.s.f.DefaultMavenResourcesFiltering - Copying 0 resource from src\test\resources to target\test-classes
2026-05-07 10:32:22,806 [Worker-23: Building] INFO  o.a.m.s.f.DefaultMavenResourcesFiltering - Copying 33 resources from src\main\resources to target\classes
2026-05-07 10:32:22,810 [Worker-23: Building] INFO  o.a.m.s.f.DefaultMavenResourcesFiltering - Copying 0 resource from src\test\resources to target\test-classes
2026-05-07 10:32:36,177 [Worker-1: Building] INFO  o.a.m.s.f.DefaultMavenResourcesFiltering - Copying 33 resources from src\main\resources to target\classes
2026-05-07 10:32:36,184 [Worker-1: Building] INFO  o.a.m.s.f.DefaultMavenResourcesFiltering - Copying 0 resource from src\test\resources to target\test-classes
2026-05-07 10:32:47,836 [Worker-23: Building] INFO  o.a.m.s.f.DefaultMavenResourcesFiltering - Copying 33 resources from src\main\resources to target\classes
2026-05-07 10:32:47,842 [Worker-23: Building] INFO  o.a.m.s.f.DefaultMavenResourcesFiltering - Copying 0 resource from src\test\resources to target\test-classes
2026-05-07 10:35:21,040 [Worker-43: Building] INFO  o.a.m.s.f.DefaultMavenResourcesFiltering - Copying 1 resource from src\main\resources to target\classes
2026-05-07 10:35:21,045 [Worker-43: Building] INFO  o.a.m.s.f.DefaultMavenResourcesFiltering - Copying 0 resource from src\test\resources to target\test-classes
2026-05-07 10:35:33,118 [Worker-23: Building] INFO  o.a.m.s.f.DefaultMavenResourcesFiltering - Copying 1 resource from src\main\resources to target\classes
2026-05-07 10:35:33,124 [Worker-23: Building] INFO  o.a.m.s.f.DefaultMavenResourcesFiltering - Copying 0 resource from src\test\resources to target\test-classes
2026-05-07 10:35:43,724 [Worker-44: Building] INFO  o.a.m.s.f.DefaultMavenResourcesFiltering - Copying 1 resource from src\main\resources to target\classes
2026-05-07 10:35:43,727 [Worker-44: Building] INFO  o.a.m.s.f.DefaultMavenResourcesFiltering - Copying 0 resource from src\test\resources to target\test-classes
2026-05-07 10:36:11,584 [Worker-46: Building] INFO  o.a.m.s.f.DefaultMavenResourcesFiltering - Copying 33 resources from src\main\resources to target\classes
2026-05-07 10:36:11,588 [Worker-46: Building] INFO  o.a.m.s.f.DefaultMavenResourcesFiltering - Copying 0 resource from src\test\resources to target\test-classes
2026-05-07 10:44:14,195 [Worker-47: Building] INFO  o.a.m.s.f.DefaultMavenResourcesFiltering - Copying 33 resources from src\main\resources to target\classes
2026-05-07 10:44:14,200 [Worker-47: Building] INFO  o.a.m.s.f.DefaultMavenResourcesFiltering - Copying 0 resource from src\test\resources to target\test-classes
2026-05-07 10:44:34,723 [Worker-1: Building] INFO  o.a.m.s.f.DefaultMavenResourcesFiltering - Copying 33 resources from src\main\resources to target\classes
2026-05-07 10:44:34,729 [Worker-1: Building] INFO  o.a.m.s.f.DefaultMavenResourcesFiltering - Copying 0 resource from src\test\resources to target\test-classes
2026-05-07 10:44:43,815 [Worker-45: Building] INFO  o.a.m.s.f.DefaultMavenResourcesFiltering - Copying 33 resources from src\main\resources to target\classes
2026-05-07 10:44:43,819 [Worker-45: Building] INFO  o.a.m.s.f.DefaultMavenResourcesFiltering - Copying 0 resource from src\test\resources to target\test-classes
2026-05-07 10:44:55,447 [Worker-47: Building] INFO  o.a.m.s.f.DefaultMavenResourcesFiltering - Copying 33 resources from src\main\resources to target\classes
2026-05-07 10:44:55,453 [Worker-47: Building] INFO  o.a.m.s.f.DefaultMavenResourcesFiltering - Copying 0 resource from src\test\resources to target\test-classes
2026-05-07 10:44:59,317 [Worker-44: Building] INFO  o.a.m.s.f.DefaultMavenResourcesFiltering - Copying 33 resources from src\main\resources to target\classes
2026-05-07 10:44:59,321 [Worker-44: Building] INFO  o.a.m.s.f.DefaultMavenResourcesFiltering - Copying 0 resource from src\test\resources to target\test-classes
2026-05-07 10:45:08,085 [Worker-44: Building] INFO  o.a.m.s.f.DefaultMavenResourcesFiltering - Copying 33 resources from src\main\resources to target\classes
2026-05-07 10:45:08,089 [Worker-44: Building] INFO  o.a.m.s.f.DefaultMavenResourcesFiltering - Copying 0 resource from src\test\resources to target\test-classes
2026-05-07 10:45:26,689 [Worker-47: Building] INFO  o.a.m.s.f.DefaultMavenResourcesFiltering - Copying 33 resources from src\main\resources to target\classes
2026-05-07 10:45:26,694 [Worker-47: Building] INFO  o.a.m.s.f.DefaultMavenResourcesFiltering - Copying 0 resource from src\test\resources to target\test-classes
2026-05-07 10:45:39,929 [Worker-45: Building] INFO  o.a.m.s.f.DefaultMavenResourcesFiltering - Copying 33 resources from src\main\resources to target\classes
2026-05-07 10:45:39,934 [Worker-45: Building] INFO  o.a.m.s.f.DefaultMavenResourcesFiltering - Copying 0 resource from src\test\resources to target\test-classes
2026-05-07 10:45:57,439 [Worker-44: Building] INFO  o.a.m.s.f.DefaultMavenResourcesFiltering - Copying 33 resources from src\main\resources to target\classes
2026-05-07 10:45:57,442 [Worker-44: Building] INFO  o.a.m.s.f.DefaultMavenResourcesFiltering - Copying 0 resource from src\test\resources to target\test-classes
2026-05-07 12:23:32,279 [Worker-53: Building] INFO  o.a.m.s.f.DefaultMavenResourcesFiltering - Copying 1 resource from src\main\resources to target\classes
2026-05-07 12:23:32,284 [Worker-53: Building] INFO  o.a.m.s.f.DefaultMavenResourcesFiltering - Copying 0 resource from src\test\resources to target\test-classes
2026-05-07 12:24:13,099 [Worker-53: Building] INFO  o.a.m.s.f.DefaultMavenResourcesFiltering - Copying 1 resource from src\main\resources to target\classes
2026-05-07 12:24:13,102 [Worker-53: Building] INFO  o.a.m.s.f.DefaultMavenResourcesFiltering - Copying 0 resource from src\test\resources to target\test-classes
2026-05-07 12:24:52,758 [Worker-1: Building] INFO  o.a.m.s.f.DefaultMavenResourcesFiltering - Copying 1 resource from src\main\resources to target\classes
2026-05-07 12:24:52,761 [Worker-1: Building] INFO  o.a.m.s.f.DefaultMavenResourcesFiltering - Copying 0 resource from src\test\resources to target\test-classes
2026-05-07 12:25:17,381 [Worker-55: Building] INFO  o.a.m.s.f.DefaultMavenResourcesFiltering - Copying 1 resource from src\main\resources to target\classes
2026-05-07 12:25:17,385 [Worker-55: Building] INFO  o.a.m.s.f.DefaultMavenResourcesFiltering - Copying 0 resource from src\test\resources to target\test-classes
2026-05-07 12:25:32,993 [Worker-52: Building] INFO  o.a.m.s.f.DefaultMavenResourcesFiltering - Copying 1 resource from src\main\resources to target\classes
2026-05-07 12:25:32,996 [Worker-52: Building] INFO  o.a.m.s.f.DefaultMavenResourcesFiltering - Copying 0 resource from src\test\resources to target\test-classes
2026-05-07 12:25:50,214 [Worker-45: Building] INFO  o.a.m.s.f.DefaultMavenResourcesFiltering - Copying 33 resources from src\main\resources to target\classes
2026-05-07 12:25:50,218 [Worker-45: Building] INFO  o.a.m.s.f.DefaultMavenResourcesFiltering - Copying 0 resource from src\test\resources to target\test-classes
2026-05-07 12:28:23,434 [Worker-55: Building] INFO  o.a.m.s.f.DefaultMavenResourcesFiltering - Copying 33 resources from src\main\resources to target\classes
2026-05-07 12:28:23,438 [Worker-55: Building] INFO  o.a.m.s.f.DefaultMavenResourcesFiltering - Copying 0 resource from src\test\resources to target\test-classes
2026-05-07 12:29:33,580 [Worker-52: Building] INFO  o.a.m.s.f.DefaultMavenResourcesFiltering - Copying 33 resources from src\main\resources to target\classes
2026-05-07 12:29:33,584 [Worker-52: Building] INFO  o.a.m.s.f.DefaultMavenResourcesFiltering - Copying 0 resource from src\test\resources to target\test-classes
2026-05-07 12:30:17,085 [Worker-55: Building] INFO  o.a.m.s.f.DefaultMavenResourcesFiltering - Copying 33 resources from src\main\resources to target\classes
2026-05-07 12:30:17,091 [Worker-55: Building] INFO  o.a.m.s.f.DefaultMavenResourcesFiltering - Copying 0 resource from src\test\resources to target\test-classes
2026-05-07 12:30:42,342 [Worker-55: Building] INFO  o.a.m.s.f.DefaultMavenResourcesFiltering - Copying 33 resources from src\main\resources to target\classes
2026-05-07 12:30:42,347 [Worker-55: Building] INFO  o.a.m.s.f.DefaultMavenResourcesFiltering - Copying 0 resource from src\test\resources to target\test-classes
2026-05-07 12:31:06,806 [Worker-45: Building] INFO  o.a.m.s.f.DefaultMavenResourcesFiltering - Copying 33 resources from src\main\resources to target\classes
2026-05-07 12:31:06,811 [Worker-45: Building] INFO  o.a.m.s.f.DefaultMavenResourcesFiltering - Copying 0 resource from src\test\resources to target\test-classes
2026-05-07 12:31:22,072 [Worker-45: Building] INFO  o.a.m.s.f.DefaultMavenResourcesFiltering - Copying 33 resources from src\main\resources to target\classes
2026-05-07 12:31:22,079 [Worker-45: Building] INFO  o.a.m.s.f.DefaultMavenResourcesFiltering - Copying 0 resource from src\test\resources to target\test-classes
2026-05-07 12:32:04,154 [Worker-55: Building] INFO  o.a.m.s.f.DefaultMavenResourcesFiltering - Copying 33 resources from src\main\resources to target\classes
2026-05-07 12:32:04,158 [Worker-55: Building] INFO  o.a.m.s.f.DefaultMavenResourcesFiltering - Copying 0 resource from src\test\resources to target\test-classes
2026-05-07 12:36:01,402 [Worker-55: Building] INFO  o.a.m.s.f.DefaultMavenResourcesFiltering - Copying 33 resources from src\main\resources to target\classes
2026-05-07 12:36:01,407 [Worker-55: Building] INFO  o.a.m.s.f.DefaultMavenResourcesFiltering - Copying 0 resource from src\test\resources to target\test-classes
2026-05-07 12:36:16,468 [Worker-55: Building] INFO  o.a.m.s.f.DefaultMavenResourcesFiltering - Copying 33 resources from src\main\resources to target\classes
2026-05-07 12:36:16,473 [Worker-55: Building] INFO  o.a.m.s.f.DefaultMavenResourcesFiltering - Copying 0 resource from src\test\resources to target\test-classes
2026-05-07 13:53:17,341 [Burningwave - Resource releaser] INFO  o.b.c.a.StaticComponentContainer - (StaticComponentContainer.java:391) - ... Waiting for all tasks ending
2026-05-07 13:53:17,345 [Burningwave - Resource releaser] INFO  o.b.c.a.StaticComponentContainer - (StaticComponentContainer.java:397) - Closing all component containers
2026-05-07 13:53:17,351 [Burningwave - Resource releaser] INFO  o.b.c.a.StaticComponentContainer - (StaticComponentContainer.java:403) - Closing FileSystemHelper
2026-05-07 13:53:17,354 [Burningwave - Resource releaser] INFO  o.b.c.a.StaticComponentContainer - (StaticComponentContainer.java:409) - ... Waiting for all tasks ending before shutting down the BackgroundExecutor
2026-05-07 13:53:17,356 [Burningwave - Resource releaser] INFO  o.b.c.a.StaticComponentContainer - (StaticComponentContainer.java:414) - Shutting down BackgroundExecutor
2026-05-07 13:53:17,358 [Burningwave - Resource releaser] INFO  o.b.c.a.StaticComponentContainer - (StaticComponentContainer.java:420) - Stopping all threads monitoring thread
2026-05-07 13:53:17,359 [Burningwave - Resource releaser] INFO  o.b.c.a.StaticComponentContainer - (StaticComponentContainer.java:425) - Closing ThreadHolder
2026-05-07 13:53:17,361 [Burningwave - Resource releaser] INFO  o.b.c.a.StaticComponentContainer - (StaticComponentContainer.java:430) - Shutting down ThreadSupplier
2026-05-07 14:17:32,334 [main] INFO  o.b.c.a.StaticComponentContainer - (StaticComponentContainer.java:368) - Instantiated org.burningwave.core.SLF4JManagedLoggerRepository
2026-05-07 14:17:32,337 [main] INFO  o.b.c.a.StaticComponentContainer - (StaticComponentContainer.java:369) - 

	Configuration values for static components:

		background-executor.all-tasks-monitoring.enabled=\
			true
		background-executor.all-tasks-monitoring.interval=\
			30000
		background-executor.all-tasks-monitoring.logger.enabled=\
			false
		background-executor.all-tasks-monitoring.minimum-elapsed-time-to-consider-a-task-as-probable-dead-locked=\
			300000
		background-executor.all-tasks-monitoring.probable-dead-locked-tasks-handling.policy=\
			log only
		background-executor.queued-task-executor[0].name=\
			Low priority tasks
		background-executor.queued-task-executor[0].priority=\
			1
		background-executor.queued-task-executor[1].name=\
			Normal priority tasks
		background-executor.queued-task-executor[1].priority=\
			5
		background-executor.queued-task-executor[2].name=\
			High priority tasks
		background-executor.queued-task-executor[2].priority=\
			10
		background-executor.task-creation-tracking.enabled=\
			${background-executor.all-tasks-monitoring.enabled}
		banner.additonal-informations=\
			${Implementation-Title} ${Implementation-Version}
		banner.additonal-informations.retrieve-from-manifest-file-with-implementation-title=\
			Burningwave Core
		banner.file=\
			org/burningwave/banner.bwb
		banner.hide=\
			true
		buffer-handler.default-allocation-mode=\
			ByteBuffer::allocateDirect
		buffer-handler.default-buffer-size=\
			1024
		group-name-for-named-elements=\
			Burningwave
		iterable-object-helper.default-values-separator=\
			;
		iterable-object-helper.parallel-iteration.applicability.default-minimum-collection-size=\
			2
		iterable-object-helper.parallel-iteration.applicability.max-runtime-thread-count-threshold=\
			autodetect
		iterable-object-helper.parallel-iteration.applicability.output-collection-enabled-types=\
			java.util.concurrent.ConcurrentHashMap$CollectionView;\
			java.util.Collections$SynchronizedCollection;\
			java.util.concurrent.CopyOnWriteArrayList;\
			java.util.concurrent.CopyOnWriteArraySet;\
			java.util.concurrent.BlockingQueue;\
			java.util.concurrent.ConcurrentSkipListSet;\
			java.util.concurrent.ConcurrentSkipListMap$EntrySet;\
			java.util.concurrent.ConcurrentSkipListMap$KeySet;\
			java.util.concurrent.ConcurrentSkipListMap$Values;
		jvm.driver.init=\
			false
		managed-logger.repository=\
			autodetect
		managed-logger.repository.enabled=\
			true
		managed-logger.repository.logging.warn.disabled-for=\
			org.burningwave.core.assembler.ComponentContainer$ClassLoader;\
			org.burningwave.core.classes.MemoryClassLoader;\
			org.burningwave.core.classes.PathScannerClassLoader;
		modules.export-all-to-all=\
			true
		resource-releaser.enabled=\
			true
		synchronizer.all-threads-monitoring.enabled=\
			false
		synchronizer.all-threads-monitoring.interval=\
			90000
		thread-supplier.default-daemon-flag-value=\
			true
		thread-supplier.default-thread-priority=\
			5
		thread-supplier.max-detached-thread-count=\
			${thread-supplier.max-poolable-thread-count}
		thread-supplier.max-detached-thread-count.elapsed-time-threshold-from-last-increase-for-gradual-decreasing-to-initial-value=\
			30000
		thread-supplier.max-detached-thread-count.increasing-step=\
			autodetect
		thread-supplier.max-poolable-thread-count=\
			autodetect
		thread-supplier.poolable-thread-request-timeout=\
			6000


2026-05-07 14:17:32,339 [main] INFO  o.b.core.jvm.BufferHandler - (BufferHandler.java:127) - default buffer size: 1024 bytes
2026-05-07 14:17:32,340 [main] INFO  o.b.core.jvm.BufferHandler - (BufferHandler.java:141) - default allocation mode: ByteBuffer::allocateDirect
2026-05-07 14:17:32,346 [main] INFO  org.burningwave.core.Cache - (Cache.java:76) - Building cache
2026-05-07 14:17:32,378 [main] INFO  o.b.c.a.StaticComponentContainer - (StaticComponentContainer.java:443) - org.burningwave.core.assembler.StaticComponentContainer initialized in 0.1530481 seconds
2026-05-07 14:17:37,373 [Worker-8: Loading available Gradle versions] INFO  o.e.b.c.i.u.g.PublishedGradleVersions - Gradle version information cache is up-to-date. Trying to read.
2026-05-07 18:09:02,188 [Burningwave - Resource releaser] INFO  o.b.c.a.StaticComponentContainer - (StaticComponentContainer.java:391) - ... Waiting for all tasks ending
2026-05-07 18:09:02,217 [Burningwave - Resource releaser] INFO  o.b.c.a.StaticComponentContainer - (StaticComponentContainer.java:397) - Closing all component containers
2026-05-07 18:09:02,233 [Burningwave - Resource releaser] INFO  o.b.c.a.StaticComponentContainer - (StaticComponentContainer.java:403) - Closing FileSystemHelper
2026-05-07 18:09:02,246 [Burningwave - Resource releaser] INFO  o.b.c.a.StaticComponentContainer - (StaticComponentContainer.java:409) - ... Waiting for all tasks ending before shutting down the BackgroundExecutor
2026-05-07 18:09:02,254 [Burningwave - Resource releaser] INFO  o.b.c.a.StaticComponentContainer - (StaticComponentContainer.java:414) - Shutting down BackgroundExecutor
2026-05-07 18:09:02,269 [Burningwave - Resource releaser] INFO  o.b.c.a.StaticComponentContainer - (StaticComponentContainer.java:420) - Stopping all threads monitoring thread
2026-05-07 18:09:02,276 [Burningwave - Resource releaser] INFO  o.b.c.a.StaticComponentContainer - (StaticComponentContainer.java:425) - Closing ThreadHolder
2026-05-07 18:09:02,288 [Burningwave - Resource releaser] INFO  o.b.c.a.StaticComponentContainer - (StaticComponentContainer.java:430) - Shutting down ThreadSupplier
2026-05-09 07:22:12,265 [Worker-7: Loading available Gradle versions] INFO  o.e.b.c.i.u.g.PublishedGradleVersions - Gradle version information cache is out-of-date. Trying to update.
2026-05-09 07:23:07,375 [ModalContext] INFO  o.b.c.a.StaticComponentContainer - (StaticComponentContainer.java:368) - Instantiated org.burningwave.core.SLF4JManagedLoggerRepository
2026-05-09 07:23:07,377 [ModalContext] INFO  o.b.c.a.StaticComponentContainer - (StaticComponentContainer.java:369) - 

	Configuration values for static components:

		background-executor.all-tasks-monitoring.enabled=\
			true
		background-executor.all-tasks-monitoring.interval=\
			30000
		background-executor.all-tasks-monitoring.logger.enabled=\
			false
		background-executor.all-tasks-monitoring.minimum-elapsed-time-to-consider-a-task-as-probable-dead-locked=\
			300000
		background-executor.all-tasks-monitoring.probable-dead-locked-tasks-handling.policy=\
			log only
		background-executor.queued-task-executor[0].name=\
			Low priority tasks
		background-executor.queued-task-executor[0].priority=\
			1
		background-executor.queued-task-executor[1].name=\
			Normal priority tasks
		background-executor.queued-task-executor[1].priority=\
			5
		background-executor.queued-task-executor[2].name=\
			High priority tasks
		background-executor.queued-task-executor[2].priority=\
			10
		background-executor.task-creation-tracking.enabled=\
			${background-executor.all-tasks-monitoring.enabled}
		banner.additonal-informations=\
			${Implementation-Title} ${Implementation-Version}
		banner.additonal-informations.retrieve-from-manifest-file-with-implementation-title=\
			Burningwave Core
		banner.file=\
			org/burningwave/banner.bwb
		banner.hide=\
			true
		buffer-handler.default-allocation-mode=\
			ByteBuffer::allocateDirect
		buffer-handler.default-buffer-size=\
			1024
		group-name-for-named-elements=\
			Burningwave
		iterable-object-helper.default-values-separator=\
			;
		iterable-object-helper.parallel-iteration.applicability.default-minimum-collection-size=\
			2
		iterable-object-helper.parallel-iteration.applicability.max-runtime-thread-count-threshold=\
			autodetect
		iterable-object-helper.parallel-iteration.applicability.output-collection-enabled-types=\
			java.util.concurrent.ConcurrentHashMap$CollectionView;\
			java.util.Collections$SynchronizedCollection;\
			java.util.concurrent.CopyOnWriteArrayList;\
			java.util.concurrent.CopyOnWriteArraySet;\
			java.util.concurrent.BlockingQueue;\
			java.util.concurrent.ConcurrentSkipListSet;\
			java.util.concurrent.ConcurrentSkipListMap$EntrySet;\
			java.util.concurrent.ConcurrentSkipListMap$KeySet;\
			java.util.concurrent.ConcurrentSkipListMap$Values;
		jvm.driver.init=\
			false
		managed-logger.repository=\
			autodetect
		managed-logger.repository.enabled=\
			true
		managed-logger.repository.logging.warn.disabled-for=\
			org.burningwave.core.assembler.ComponentContainer$ClassLoader;\
			org.burningwave.core.classes.MemoryClassLoader;\
			org.burningwave.core.classes.PathScannerClassLoader;
		modules.export-all-to-all=\
			true
		resource-releaser.enabled=\
			true
		synchronizer.all-threads-monitoring.enabled=\
			false
		synchronizer.all-threads-monitoring.interval=\
			90000
		thread-supplier.default-daemon-flag-value=\
			true
		thread-supplier.default-thread-priority=\
			5
		thread-supplier.max-detached-thread-count=\
			${thread-supplier.max-poolable-thread-count}
		thread-supplier.max-detached-thread-count.elapsed-time-threshold-from-last-increase-for-gradual-decreasing-to-initial-value=\
			30000
		thread-supplier.max-detached-thread-count.increasing-step=\
			autodetect
		thread-supplier.max-poolable-thread-count=\
			autodetect
		thread-supplier.poolable-thread-request-timeout=\
			6000


2026-05-09 07:23:07,379 [ModalContext] INFO  o.b.core.jvm.BufferHandler - (BufferHandler.java:127) - default buffer size: 1024 bytes
2026-05-09 07:23:07,379 [ModalContext] INFO  o.b.core.jvm.BufferHandler - (BufferHandler.java:141) - default allocation mode: ByteBuffer::allocateDirect
2026-05-09 07:23:07,381 [ModalContext] INFO  org.burningwave.core.Cache - (Cache.java:76) - Building cache
2026-05-09 07:23:07,399 [ModalContext] INFO  o.b.c.a.StaticComponentContainer - (StaticComponentContainer.java:443) - org.burningwave.core.assembler.StaticComponentContainer initialized in 0.0742889 seconds
2026-05-09 07:23:09,419 [Worker-26: Building] WARN  o.a.m.r.i.DefaultArtifactDescriptorReader - 6 problems were encountered while building the effective model for org.openjfx:javafx-controls:jar:21 during dependency collection step for project (use -X to see details)
2026-05-09 07:23:09,975 [Worker-26: Building] INFO  o.a.m.s.f.DefaultMavenResourcesFiltering - Copying 33 resources from src\main\resources to target\classes
2026-05-09 07:23:09,997 [Worker-26: Building] INFO  o.a.m.s.f.DefaultMavenResourcesFiltering - Copying 0 resource from src\test\resources to target\test-classes
2026-05-09 07:23:14,242 [Worker-31: Building] INFO  o.a.m.s.f.DefaultMavenResourcesFiltering - Copying 33 resources from src\main\resources to target\classes
2026-05-09 07:23:14,248 [Worker-31: Building] INFO  o.a.m.s.f.DefaultMavenResourcesFiltering - Copying 0 resource from src\test\resources to target\test-classes
2026-05-09 07:23:30,722 [Worker-3: Building] INFO  o.a.m.s.f.DefaultMavenResourcesFiltering - Copying 33 resources from src\main\resources to target\classes
2026-05-09 07:23:30,728 [Worker-3: Building] INFO  o.a.m.s.f.DefaultMavenResourcesFiltering - Copying 0 resource from src\test\resources to target\test-classes
2026-05-09 07:23:35,008 [Worker-8: Building] INFO  o.a.m.s.f.DefaultMavenResourcesFiltering - Copying 33 resources from src\main\resources to target\classes
2026-05-09 07:23:35,015 [Worker-8: Building] INFO  o.a.m.s.f.DefaultMavenResourcesFiltering - Copying 0 resource from src\test\resources to target\test-classes
2026-05-09 07:23:55,498 [Worker-10: Building] INFO  o.a.m.s.f.DefaultMavenResourcesFiltering - Copying 33 resources from src\main\resources to target\classes
2026-05-09 07:23:55,504 [Worker-10: Building] INFO  o.a.m.s.f.DefaultMavenResourcesFiltering - Copying 0 resource from src\test\resources to target\test-classes
2026-05-09 07:24:11,955 [Worker-40: Building] INFO  o.a.m.s.f.DefaultMavenResourcesFiltering - Copying 33 resources from src\main\resources to target\classes
2026-05-09 07:24:11,960 [Worker-40: Building] INFO  o.a.m.s.f.DefaultMavenResourcesFiltering - Copying 0 resource from src\test\resources to target\test-classes
2026-05-09 07:24:30,751 [Worker-28: Building] INFO  o.a.m.s.f.DefaultMavenResourcesFiltering - Copying 33 resources from src\main\resources to target\classes
2026-05-09 07:24:30,758 [Worker-28: Building] INFO  o.a.m.s.f.DefaultMavenResourcesFiltering - Copying 0 resource from src\test\resources to target\test-classes
2026-05-09 07:24:35,747 [Worker-16: Building] INFO  o.a.m.s.f.DefaultMavenResourcesFiltering - Copying 33 resources from src\main\resources to target\classes
2026-05-09 07:24:35,752 [Worker-16: Building] INFO  o.a.m.s.f.DefaultMavenResourcesFiltering - Copying 0 resource from src\test\resources to target\test-classes
2026-05-09 07:24:52,935 [Worker-12: Building] INFO  o.a.m.s.f.DefaultMavenResourcesFiltering - Copying 33 resources from src\main\resources to target\classes
2026-05-09 07:24:52,941 [Worker-12: Building] INFO  o.a.m.s.f.DefaultMavenResourcesFiltering - Copying 0 resource from src\test\resources to target\test-classes
2026-05-09 07:24:57,699 [Worker-36: Building] INFO  o.a.m.s.f.DefaultMavenResourcesFiltering - Copying 33 resources from src\main\resources to target\classes
2026-05-09 07:24:57,703 [Worker-36: Building] INFO  o.a.m.s.f.DefaultMavenResourcesFiltering - Copying 0 resource from src\test\resources to target\test-classes
2026-05-09 07:25:19,147 [Worker-33: Building] INFO  o.a.m.s.f.DefaultMavenResourcesFiltering - Copying 33 resources from src\main\resources to target\classes
2026-05-09 07:25:19,153 [Worker-33: Building] INFO  o.a.m.s.f.DefaultMavenResourcesFiltering - Copying 0 resource from src\test\resources to target\test-classes
2026-05-09 07:25:41,450 [Worker-2: Building] INFO  o.a.m.s.f.DefaultMavenResourcesFiltering - Copying 33 resources from src\main\resources to target\classes
2026-05-09 07:25:41,456 [Worker-2: Building] INFO  o.a.m.s.f.DefaultMavenResourcesFiltering - Copying 0 resource from src\test\resources to target\test-classes
2026-05-09 07:25:58,525 [Worker-18: Building] INFO  o.a.m.s.f.DefaultMavenResourcesFiltering - Copying 33 resources from src\main\resources to target\classes
2026-05-09 07:25:58,530 [Worker-18: Building] INFO  o.a.m.s.f.DefaultMavenResourcesFiltering - Copying 0 resource from src\test\resources to target\test-classes
2026-05-09 07:37:57,948 [Worker-38: Building] INFO  o.a.m.s.f.DefaultMavenResourcesFiltering - Copying 33 resources from src\main\resources to target\classes
2026-05-09 07:37:57,953 [Worker-38: Building] INFO  o.a.m.s.f.DefaultMavenResourcesFiltering - Copying 0 resource from src\test\resources to target\test-classes
2026-05-09 07:38:02,674 [Worker-19: Building] INFO  o.a.m.s.f.DefaultMavenResourcesFiltering - Copying 33 resources from src\main\resources to target\classes
2026-05-09 07:38:02,678 [Worker-19: Building] INFO  o.a.m.s.f.DefaultMavenResourcesFiltering - Copying 0 resource from src\test\resources to target\test-classes
2026-05-09 07:38:24,730 [Worker-19: Building] INFO  o.a.m.s.f.DefaultMavenResourcesFiltering - Copying 33 resources from src\main\resources to target\classes
2026-05-09 07:38:24,737 [Worker-19: Building] INFO  o.a.m.s.f.DefaultMavenResourcesFiltering - Copying 0 resource from src\test\resources to target\test-classes
2026-05-09 07:39:53,069 [Worker-23: Building] INFO  o.a.m.s.f.DefaultMavenResourcesFiltering - Copying 33 resources from src\main\resources to target\classes
2026-05-09 07:39:53,073 [Worker-23: Building] INFO  o.a.m.s.f.DefaultMavenResourcesFiltering - Copying 0 resource from src\test\resources to target\test-classes
2026-05-09 07:40:10,537 [Worker-44: Building] INFO  o.a.m.s.f.DefaultMavenResourcesFiltering - Copying 33 resources from src\main\resources to target\classes
2026-05-09 07:40:10,542 [Worker-44: Building] INFO  o.a.m.s.f.DefaultMavenResourcesFiltering - Copying 0 resource from src\test\resources to target\test-classes
2026-05-09 07:40:17,602 [Worker-43: Building] INFO  o.a.m.s.f.DefaultMavenResourcesFiltering - Copying 33 resources from src\main\resources to target\classes
2026-05-09 07:40:17,606 [Worker-43: Building] INFO  o.a.m.s.f.DefaultMavenResourcesFiltering - Copying 0 resource from src\test\resources to target\test-classes
2026-05-09 07:40:22,198 [Worker-45: Building] INFO  o.a.m.s.f.DefaultMavenResourcesFiltering - Copying 33 resources from src\main\resources to target\classes
2026-05-09 07:40:22,204 [Worker-45: Building] INFO  o.a.m.s.f.DefaultMavenResourcesFiltering - Copying 0 resource from src\test\resources to target\test-classes
2026-05-09 07:40:42,618 [Worker-23: Building] INFO  o.a.m.s.f.DefaultMavenResourcesFiltering - Copying 33 resources from src\main\resources to target\classes
2026-05-09 07:40:42,623 [Worker-23: Building] INFO  o.a.m.s.f.DefaultMavenResourcesFiltering - Copying 0 resource from src\test\resources to target\test-classes
2026-05-09 07:40:55,370 [Worker-19: Building] INFO  o.a.m.s.f.DefaultMavenResourcesFiltering - Copying 33 resources from src\main\resources to target\classes
2026-05-09 07:40:55,374 [Worker-19: Building] INFO  o.a.m.s.f.DefaultMavenResourcesFiltering - Copying 0 resource from src\test\resources to target\test-classes
2026-05-09 07:41:17,913 [Worker-23: Building] INFO  o.a.m.s.f.DefaultMavenResourcesFiltering - Copying 33 resources from src\main\resources to target\classes
2026-05-09 07:41:17,917 [Worker-23: Building] INFO  o.a.m.s.f.DefaultMavenResourcesFiltering - Copying 0 resource from src\test\resources to target\test-classes
2026-05-09 07:41:37,300 [Worker-44: Building] INFO  o.a.m.s.f.DefaultMavenResourcesFiltering - Copying 33 resources from src\main\resources to target\classes
2026-05-09 07:41:37,305 [Worker-44: Building] INFO  o.a.m.s.f.DefaultMavenResourcesFiltering - Copying 0 resource from src\test\resources to target\test-classes
2026-05-09 07:42:02,867 [Worker-19: Building] INFO  o.a.m.s.f.DefaultMavenResourcesFiltering - Copying 33 resources from src\main\resources to target\classes
2026-05-09 07:42:02,871 [Worker-19: Building] INFO  o.a.m.s.f.DefaultMavenResourcesFiltering - Copying 0 resource from src\test\resources to target\test-classes
2026-05-09 07:42:22,109 [Worker-23: Building] INFO  o.a.m.s.f.DefaultMavenResourcesFiltering - Copying 33 resources from src\main\resources to target\classes
2026-05-09 07:42:22,114 [Worker-23: Building] INFO  o.a.m.s.f.DefaultMavenResourcesFiltering - Copying 0 resource from src\test\resources to target\test-classes
2026-05-09 07:42:39,789 [Worker-19: Building] INFO  o.a.m.s.f.DefaultMavenResourcesFiltering - Copying 33 resources from src\main\resources to target\classes
2026-05-09 07:42:39,793 [Worker-19: Building] INFO  o.a.m.s.f.DefaultMavenResourcesFiltering - Copying 0 resource from src\test\resources to target\test-classes
2026-05-09 07:42:55,172 [Worker-23: Building] INFO  o.a.m.s.f.DefaultMavenResourcesFiltering - Copying 33 resources from src\main\resources to target\classes
2026-05-09 07:42:55,177 [Worker-23: Building] INFO  o.a.m.s.f.DefaultMavenResourcesFiltering - Copying 0 resource from src\test\resources to target\test-classes
2026-05-09 07:43:08,538 [Worker-43: Building] INFO  o.a.m.s.f.DefaultMavenResourcesFiltering - Copying 33 resources from src\main\resources to target\classes
2026-05-09 07:43:08,542 [Worker-43: Building] INFO  o.a.m.s.f.DefaultMavenResourcesFiltering - Copying 0 resource from src\test\resources to target\test-classes
2026-05-09 07:43:46,736 [Worker-44: Building] INFO  o.a.m.s.f.DefaultMavenResourcesFiltering - Copying 33 resources from src\main\resources to target\classes
2026-05-09 07:43:46,739 [Worker-44: Building] INFO  o.a.m.s.f.DefaultMavenResourcesFiltering - Copying 0 resource from src\test\resources to target\test-classes
2026-05-09 07:43:51,252 [Worker-44: Building] INFO  o.a.m.s.f.DefaultMavenResourcesFiltering - Copying 33 resources from src\main\resources to target\classes
2026-05-09 07:43:51,255 [Worker-44: Building] INFO  o.a.m.s.f.DefaultMavenResourcesFiltering - Copying 0 resource from src\test\resources to target\test-classes
2026-05-09 07:44:13,287 [Worker-43: Building] INFO  o.a.m.s.f.DefaultMavenResourcesFiltering - Copying 33 resources from src\main\resources to target\classes
2026-05-09 07:44:13,292 [Worker-43: Building] INFO  o.a.m.s.f.DefaultMavenResourcesFiltering - Copying 0 resource from src\test\resources to target\test-classes
2026-05-09 07:44:17,495 [Worker-23: Building] INFO  o.a.m.s.f.DefaultMavenResourcesFiltering - Copying 33 resources from src\main\resources to target\classes
2026-05-09 07:44:17,499 [Worker-23: Building] INFO  o.a.m.s.f.DefaultMavenResourcesFiltering - Copying 0 resource from src\test\resources to target\test-classes
2026-05-09 07:44:40,075 [Worker-43: Building] INFO  o.a.m.s.f.DefaultMavenResourcesFiltering - Copying 33 resources from src\main\resources to target\classes
2026-05-09 07:44:40,079 [Worker-43: Building] INFO  o.a.m.s.f.DefaultMavenResourcesFiltering - Copying 0 resource from src\test\resources to target\test-classes
2026-05-09 07:45:07,738 [Worker-19: Building] INFO  o.a.m.s.f.DefaultMavenResourcesFiltering - Copying 33 resources from src\main\resources to target\classes
2026-05-09 07:45:07,742 [Worker-19: Building] INFO  o.a.m.s.f.DefaultMavenResourcesFiltering - Copying 0 resource from src\test\resources to target\test-classes
2026-05-09 07:45:26,302 [Worker-45: Building] INFO  o.a.m.s.f.DefaultMavenResourcesFiltering - Copying 33 resources from src\main\resources to target\classes
2026-05-09 07:45:26,314 [Worker-45: Building] INFO  o.a.m.s.f.DefaultMavenResourcesFiltering - Copying 0 resource from src\test\resources to target\test-classes
2026-05-09 07:46:01,026 [Worker-43: Building] INFO  o.a.m.s.f.DefaultMavenResourcesFiltering - Copying 33 resources from src\main\resources to target\classes
2026-05-09 07:46:01,031 [Worker-43: Building] INFO  o.a.m.s.f.DefaultMavenResourcesFiltering - Copying 0 resource from src\test\resources to target\test-classes
2026-05-09 07:46:07,197 [Worker-44: Building] INFO  o.a.m.s.f.DefaultMavenResourcesFiltering - Copying 33 resources from src\main\resources to target\classes
2026-05-09 07:46:07,200 [Worker-44: Building] INFO  o.a.m.s.f.DefaultMavenResourcesFiltering - Copying 0 resource from src\test\resources to target\test-classes
2026-05-09 07:46:21,807 [Worker-44: Building] INFO  o.a.m.s.f.DefaultMavenResourcesFiltering - Copying 33 resources from src\main\resources to target\classes
2026-05-09 07:46:21,810 [Worker-44: Building] INFO  o.a.m.s.f.DefaultMavenResourcesFiltering - Copying 0 resource from src\test\resources to target\test-classes
2026-05-09 07:47:15,248 [Worker-44: Building] INFO  o.a.m.s.f.DefaultMavenResourcesFiltering - Copying 1 resource from src\main\resources to target\classes
2026-05-09 07:47:15,252 [Worker-44: Building] INFO  o.a.m.s.f.DefaultMavenResourcesFiltering - Copying 0 resource from src\test\resources to target\test-classes
2026-05-09 07:47:55,282 [Worker-45: Building] INFO  o.a.m.s.f.DefaultMavenResourcesFiltering - Copying 1 resource from src\main\resources to target\classes
2026-05-09 07:47:55,283 [Worker-45: Building] INFO  o.a.m.s.f.DefaultMavenResourcesFiltering - Copying 0 resource from src\test\resources to target\test-classes
2026-05-09 07:48:19,524 [Worker-23: Building] INFO  o.a.m.s.f.DefaultMavenResourcesFiltering - Copying 1 resource from src\main\resources to target\classes
2026-05-09 07:48:19,529 [Worker-23: Building] INFO  o.a.m.s.f.DefaultMavenResourcesFiltering - Copying 0 resource from src\test\resources to target\test-classes
2026-05-09 07:48:21,156 [Worker-19: Building] INFO  o.a.m.s.f.DefaultMavenResourcesFiltering - Copying 1 resource from src\main\resources to target\classes
2026-05-09 07:48:21,159 [Worker-19: Building] INFO  o.a.m.s.f.DefaultMavenResourcesFiltering - Copying 0 resource from src\test\resources to target\test-classes
2026-05-09 07:48:58,629 [Worker-19: Building] INFO  o.a.m.s.f.DefaultMavenResourcesFiltering - Copying 1 resource from src\main\resources to target\classes
2026-05-09 07:48:58,634 [Worker-19: Building] INFO  o.a.m.s.f.DefaultMavenResourcesFiltering - Copying 0 resource from src\test\resources to target\test-classes
2026-05-09 07:49:26,520 [Worker-23: Building] INFO  o.a.m.s.f.DefaultMavenResourcesFiltering - Copying 1 resource from src\main\resources to target\classes
2026-05-09 07:49:26,523 [Worker-23: Building] INFO  o.a.m.s.f.DefaultMavenResourcesFiltering - Copying 0 resource from src\test\resources to target\test-classes
2026-05-09 07:50:03,166 [Worker-46: Building] INFO  o.a.m.s.f.DefaultMavenResourcesFiltering - Copying 1 resource from src\main\resources to target\classes
2026-05-09 07:50:03,172 [Worker-46: Building] INFO  o.a.m.s.f.DefaultMavenResourcesFiltering - Copying 0 resource from src\test\resources to target\test-classes
2026-05-09 07:50:43,556 [Worker-43: Building] INFO  o.a.m.s.f.DefaultMavenResourcesFiltering - Copying 1 resource from src\main\resources to target\classes
2026-05-09 07:50:43,561 [Worker-43: Building] INFO  o.a.m.s.f.DefaultMavenResourcesFiltering - Copying 0 resource from src\test\resources to target\test-classes
2026-05-09 07:51:11,716 [Worker-19: Building] INFO  o.a.m.s.f.DefaultMavenResourcesFiltering - Copying 1 resource from src\main\resources to target\classes
2026-05-09 07:51:11,719 [Worker-19: Building] INFO  o.a.m.s.f.DefaultMavenResourcesFiltering - Copying 0 resource from src\test\resources to target\test-classes
2026-05-09 07:51:41,110 [Worker-23: Building] INFO  o.a.m.s.f.DefaultMavenResourcesFiltering - Copying 1 resource from src\main\resources to target\classes
2026-05-09 07:51:41,119 [Worker-23: Building] INFO  o.a.m.s.f.DefaultMavenResourcesFiltering - Copying 0 resource from src\test\resources to target\test-classes
2026-05-09 07:52:06,346 [Worker-23: Building] INFO  o.a.m.s.f.DefaultMavenResourcesFiltering - Copying 1 resource from src\main\resources to target\classes
2026-05-09 07:52:06,350 [Worker-23: Building] INFO  o.a.m.s.f.DefaultMavenResourcesFiltering - Copying 0 resource from src\test\resources to target\test-classes
2026-05-09 07:52:37,853 [Burningwave - Resource releaser] INFO  o.b.c.a.StaticComponentContainer - (StaticComponentContainer.java:391) - ... Waiting for all tasks ending
2026-05-09 07:52:37,856 [Burningwave - Resource releaser] INFO  o.b.c.a.StaticComponentContainer - (StaticComponentContainer.java:397) - Closing all component containers
2026-05-09 07:52:37,859 [Burningwave - Resource releaser] INFO  o.b.c.a.StaticComponentContainer - (StaticComponentContainer.java:403) - Closing FileSystemHelper
2026-05-09 07:52:37,861 [Burningwave - Resource releaser] INFO  o.b.c.a.StaticComponentContainer - (StaticComponentContainer.java:409) - ... Waiting for all tasks ending before shutting down the BackgroundExecutor
2026-05-09 07:52:37,862 [Burningwave - Resource releaser] INFO  o.b.c.a.StaticComponentContainer - (StaticComponentContainer.java:414) - Shutting down BackgroundExecutor
2026-05-09 07:52:37,863 [Burningwave - Resource releaser] INFO  o.b.c.a.StaticComponentContainer - (StaticComponentContainer.java:420) - Stopping all threads monitoring thread
2026-05-09 07:52:37,864 [Burningwave - Resource releaser] INFO  o.b.c.a.StaticComponentContainer - (StaticComponentContainer.java:425) - Closing ThreadHolder
2026-05-09 07:52:37,866 [Burningwave - Resource releaser] INFO  o.b.c.a.StaticComponentContainer - (StaticComponentContainer.java:430) - Shutting down ThreadSupplier
2026-05-09 12:46:59,638 [main] INFO  o.b.c.a.StaticComponentContainer - (StaticComponentContainer.java:368) - Instantiated org.burningwave.core.SLF4JManagedLoggerRepository
2026-05-09 12:46:59,641 [main] INFO  o.b.c.a.StaticComponentContainer - (StaticComponentContainer.java:369) - 

	Configuration values for static components:

		background-executor.all-tasks-monitoring.enabled=\
			true
		background-executor.all-tasks-monitoring.interval=\
			30000
		background-executor.all-tasks-monitoring.logger.enabled=\
			false
		background-executor.all-tasks-monitoring.minimum-elapsed-time-to-consider-a-task-as-probable-dead-locked=\
			300000
		background-executor.all-tasks-monitoring.probable-dead-locked-tasks-handling.policy=\
			log only
		background-executor.queued-task-executor[0].name=\
			Low priority tasks
		background-executor.queued-task-executor[0].priority=\
			1
		background-executor.queued-task-executor[1].name=\
			Normal priority tasks
		background-executor.queued-task-executor[1].priority=\
			5
		background-executor.queued-task-executor[2].name=\
			High priority tasks
		background-executor.queued-task-executor[2].priority=\
			10
		background-executor.task-creation-tracking.enabled=\
			${background-executor.all-tasks-monitoring.enabled}
		banner.additonal-informations=\
			${Implementation-Title} ${Implementation-Version}
		banner.additonal-informations.retrieve-from-manifest-file-with-implementation-title=\
			Burningwave Core
		banner.file=\
			org/burningwave/banner.bwb
		banner.hide=\
			true
		buffer-handler.default-allocation-mode=\
			ByteBuffer::allocateDirect
		buffer-handler.default-buffer-size=\
			1024
		group-name-for-named-elements=\
			Burningwave
		iterable-object-helper.default-values-separator=\
			;
		iterable-object-helper.parallel-iteration.applicability.default-minimum-collection-size=\
			2
		iterable-object-helper.parallel-iteration.applicability.max-runtime-thread-count-threshold=\
			autodetect
		iterable-object-helper.parallel-iteration.applicability.output-collection-enabled-types=\
			java.util.concurrent.ConcurrentHashMap$CollectionView;\
			java.util.Collections$SynchronizedCollection;\
			java.util.concurrent.CopyOnWriteArrayList;\
			java.util.concurrent.CopyOnWriteArraySet;\
			java.util.concurrent.BlockingQueue;\
			java.util.concurrent.ConcurrentSkipListSet;\
			java.util.concurrent.ConcurrentSkipListMap$EntrySet;\
			java.util.concurrent.ConcurrentSkipListMap$KeySet;\
			java.util.concurrent.ConcurrentSkipListMap$Values;
		jvm.driver.init=\
			false
		managed-logger.repository=\
			autodetect
		managed-logger.repository.enabled=\
			true
		managed-logger.repository.logging.warn.disabled-for=\
			org.burningwave.core.assembler.ComponentContainer$ClassLoader;\
			org.burningwave.core.classes.MemoryClassLoader;\
			org.burningwave.core.classes.PathScannerClassLoader;
		modules.export-all-to-all=\
			true
		resource-releaser.enabled=\
			true
		synchronizer.all-threads-monitoring.enabled=\
			false
		synchronizer.all-threads-monitoring.interval=\
			90000
		thread-supplier.default-daemon-flag-value=\
			true
		thread-supplier.default-thread-priority=\
			5
		thread-supplier.max-detached-thread-count=\
			${thread-supplier.max-poolable-thread-count}
		thread-supplier.max-detached-thread-count.elapsed-time-threshold-from-last-increase-for-gradual-decreasing-to-initial-value=\
			30000
		thread-supplier.max-detached-thread-count.increasing-step=\
			autodetect
		thread-supplier.max-poolable-thread-count=\
			autodetect
		thread-supplier.poolable-thread-request-timeout=\
			6000


2026-05-09 12:46:59,643 [main] INFO  o.b.core.jvm.BufferHandler - (BufferHandler.java:127) - default buffer size: 1024 bytes
2026-05-09 12:46:59,644 [main] INFO  o.b.core.jvm.BufferHandler - (BufferHandler.java:141) - default allocation mode: ByteBuffer::allocateDirect
2026-05-09 12:46:59,649 [main] INFO  org.burningwave.core.Cache - (Cache.java:76) - Building cache
2026-05-09 12:46:59,675 [main] INFO  o.b.c.a.StaticComponentContainer - (StaticComponentContainer.java:443) - org.burningwave.core.assembler.StaticComponentContainer initialized in 0.1228068 seconds
2026-05-09 12:47:03,947 [Worker-5: Loading available Gradle versions] INFO  o.e.b.c.i.u.g.PublishedGradleVersions - Gradle version information cache is up-to-date. Trying to read.
2026-05-09 12:47:41,053 [Worker-17: Building] WARN  o.a.m.r.i.DefaultArtifactDescriptorReader - 6 problems were encountered while building the effective model for org.openjfx:javafx-controls:jar:21 during dependency collection step for project (use -X to see details)
2026-05-09 12:47:41,460 [Worker-17: Building] INFO  o.a.m.s.f.DefaultMavenResourcesFiltering - Copying 36 resources from src\main\resources to target\classes
2026-05-09 12:47:41,472 [Worker-17: Building] INFO  o.a.m.s.f.DefaultMavenResourcesFiltering - Copying 0 resource from src\test\resources to target\test-classes
2026-05-09 12:48:11,371 [Worker-40: Building] INFO  o.a.m.s.f.DefaultMavenResourcesFiltering - Copying 1 resource from src\main\resources to target\classes
2026-05-09 12:48:11,380 [Worker-40: Building] INFO  o.a.m.s.f.DefaultMavenResourcesFiltering - Copying 0 resource from src\test\resources to target\test-classes
2026-05-09 12:48:32,285 [Worker-21: Building] INFO  o.a.m.s.f.DefaultMavenResourcesFiltering - Copying 36 resources from src\main\resources to target\classes
2026-05-09 12:48:32,298 [Worker-21: Building] INFO  o.a.m.s.f.DefaultMavenResourcesFiltering - Copying 0 resource from src\test\resources to target\test-classes
2026-05-09 12:49:04,800 [Worker-2: Building] INFO  o.a.m.s.f.DefaultMavenResourcesFiltering - Copying 1 resource from src\main\resources to target\classes
2026-05-09 12:49:04,804 [Worker-2: Building] INFO  o.a.m.s.f.DefaultMavenResourcesFiltering - Copying 0 resource from src\test\resources to target\test-classes
2026-05-09 12:49:40,210 [Worker-11: Building] INFO  o.a.m.s.f.DefaultMavenResourcesFiltering - Copying 36 resources from src\main\resources to target\classes
2026-05-09 12:49:40,216 [Worker-11: Building] INFO  o.a.m.s.f.DefaultMavenResourcesFiltering - Copying 0 resource from src\test\resources to target\test-classes
2026-05-09 12:51:18,109 [Worker-14: Building] INFO  o.a.m.s.f.DefaultMavenResourcesFiltering - Copying 36 resources from src\main\resources to target\classes
2026-05-09 12:51:18,115 [Worker-14: Building] INFO  o.a.m.s.f.DefaultMavenResourcesFiltering - Copying 0 resource from src\test\resources to target\test-classes
2026-05-09 12:51:58,376 [Worker-14: Building] INFO  o.a.m.s.f.DefaultMavenResourcesFiltering - Copying 36 resources from src\main\resources to target\classes
2026-05-09 12:51:58,381 [Worker-14: Building] INFO  o.a.m.s.f.DefaultMavenResourcesFiltering - Copying 0 resource from src\test\resources to target\test-classes
2026-05-09 12:52:59,499 [Worker-0: Building] INFO  o.a.m.s.f.DefaultMavenResourcesFiltering - Copying 36 resources from src\main\resources to target\classes
2026-05-09 12:52:59,504 [Worker-0: Building] INFO  o.a.m.s.f.DefaultMavenResourcesFiltering - Copying 0 resource from src\test\resources to target\test-classes
2026-05-10 02:36:42,081 [main] INFO  o.b.c.a.StaticComponentContainer - (StaticComponentContainer.java:368) - Instantiated org.burningwave.core.SLF4JManagedLoggerRepository
2026-05-10 02:36:42,087 [main] INFO  o.b.c.a.StaticComponentContainer - (StaticComponentContainer.java:369) - 

	Configuration values for static components:

		background-executor.all-tasks-monitoring.enabled=\
			true
		background-executor.all-tasks-monitoring.interval=\
			30000
		background-executor.all-tasks-monitoring.logger.enabled=\
			false
		background-executor.all-tasks-monitoring.minimum-elapsed-time-to-consider-a-task-as-probable-dead-locked=\
			300000
		background-executor.all-tasks-monitoring.probable-dead-locked-tasks-handling.policy=\
			log only
		background-executor.queued-task-executor[0].name=\
			Low priority tasks
		background-executor.queued-task-executor[0].priority=\
			1
		background-executor.queued-task-executor[1].name=\
			Normal priority tasks
		background-executor.queued-task-executor[1].priority=\
			5
		background-executor.queued-task-executor[2].name=\
			High priority tasks
		background-executor.queued-task-executor[2].priority=\
			10
		background-executor.task-creation-tracking.enabled=\
			${background-executor.all-tasks-monitoring.enabled}
		banner.additonal-informations=\
			${Implementation-Title} ${Implementation-Version}
		banner.additonal-informations.retrieve-from-manifest-file-with-implementation-title=\
			Burningwave Core
		banner.file=\
			org/burningwave/banner.bwb
		banner.hide=\
			true
		buffer-handler.default-allocation-mode=\
			ByteBuffer::allocateDirect
		buffer-handler.default-buffer-size=\
			1024
		group-name-for-named-elements=\
			Burningwave
		iterable-object-helper.default-values-separator=\
			;
		iterable-object-helper.parallel-iteration.applicability.default-minimum-collection-size=\
			2
		iterable-object-helper.parallel-iteration.applicability.max-runtime-thread-count-threshold=\
			autodetect
		iterable-object-helper.parallel-iteration.applicability.output-collection-enabled-types=\
			java.util.concurrent.ConcurrentHashMap$CollectionView;\
			java.util.Collections$SynchronizedCollection;\
			java.util.concurrent.CopyOnWriteArrayList;\
			java.util.concurrent.CopyOnWriteArraySet;\
			java.util.concurrent.BlockingQueue;\
			java.util.concurrent.ConcurrentSkipListSet;\
			java.util.concurrent.ConcurrentSkipListMap$EntrySet;\
			java.util.concurrent.ConcurrentSkipListMap$KeySet;\
			java.util.concurrent.ConcurrentSkipListMap$Values;
		jvm.driver.init=\
			false
		managed-logger.repository=\
			autodetect
		managed-logger.repository.enabled=\
			true
		managed-logger.repository.logging.warn.disabled-for=\
			org.burningwave.core.assembler.ComponentContainer$ClassLoader;\
			org.burningwave.core.classes.MemoryClassLoader;\
			org.burningwave.core.classes.PathScannerClassLoader;
		modules.export-all-to-all=\
			true
		resource-releaser.enabled=\
			true
		synchronizer.all-threads-monitoring.enabled=\
			false
		synchronizer.all-threads-monitoring.interval=\
			90000
		thread-supplier.default-daemon-flag-value=\
			true
		thread-supplier.default-thread-priority=\
			5
		thread-supplier.max-detached-thread-count=\
			${thread-supplier.max-poolable-thread-count}
		thread-supplier.max-detached-thread-count.elapsed-time-threshold-from-last-increase-for-gradual-decreasing-to-initial-value=\
			30000
		thread-supplier.max-detached-thread-count.increasing-step=\
			autodetect
		thread-supplier.max-poolable-thread-count=\
			autodetect
		thread-supplier.poolable-thread-request-timeout=\
			6000


2026-05-10 02:36:42,092 [main] INFO  o.b.core.jvm.BufferHandler - (BufferHandler.java:127) - default buffer size: 1024 bytes
2026-05-10 02:36:42,093 [main] INFO  o.b.core.jvm.BufferHandler - (BufferHandler.java:141) - default allocation mode: ByteBuffer::allocateDirect
2026-05-10 02:36:42,100 [main] INFO  org.burningwave.core.Cache - (Cache.java:76) - Building cache
2026-05-10 02:36:42,138 [main] INFO  o.b.c.a.StaticComponentContainer - (StaticComponentContainer.java:443) - org.burningwave.core.assembler.StaticComponentContainer initialized in 0.1816482 seconds
2026-05-10 02:36:47,124 [Worker-6: Loading available Gradle versions] INFO  o.e.b.c.i.u.g.PublishedGradleVersions - Gradle version information cache is up-to-date. Trying to read.
2026-05-10 02:42:22,042 [Worker-20: Building] WARN  o.a.m.r.i.DefaultArtifactDescriptorReader - 6 problems were encountered while building the effective model for org.openjfx:javafx-controls:jar:21 during dependency collection step for project (use -X to see details)
2026-05-10 02:42:22,868 [Worker-20: Building] INFO  o.a.m.s.f.DefaultMavenResourcesFiltering - Copying 36 resources from src\main\resources to target\classes
2026-05-10 02:42:22,915 [Worker-20: Building] INFO  o.a.m.s.f.DefaultMavenResourcesFiltering - Copying 0 resource from src\test\resources to target\test-classes
2026-05-10 02:42:51,206 [Worker-20: Building] INFO  o.a.m.s.f.DefaultMavenResourcesFiltering - Copying 36 resources from src\main\resources to target\classes
2026-05-10 02:42:51,212 [Worker-20: Building] INFO  o.a.m.s.f.DefaultMavenResourcesFiltering - Copying 0 resource from src\test\resources to target\test-classes
2026-05-10 02:43:14,323 [Worker-18: Building] INFO  o.a.m.s.f.DefaultMavenResourcesFiltering - Copying 36 resources from src\main\resources to target\classes
2026-05-10 02:43:14,336 [Worker-18: Building] INFO  o.a.m.s.f.DefaultMavenResourcesFiltering - Copying 0 resource from src\test\resources to target\test-classes
2026-05-10 02:43:49,271 [Worker-20: Building] INFO  o.a.m.s.f.DefaultMavenResourcesFiltering - Copying 36 resources from src\main\resources to target\classes
2026-05-10 02:43:49,278 [Worker-20: Building] INFO  o.a.m.s.f.DefaultMavenResourcesFiltering - Copying 0 resource from src\test\resources to target\test-classes
2026-05-10 02:44:02,690 [Worker-37: Launching Main] INFO  o.a.m.s.f.DefaultMavenResourcesFiltering - Copying 36 resources from src\main\resources to target\classes
2026-05-10 02:44:02,697 [Worker-37: Launching Main] INFO  o.a.m.s.f.DefaultMavenResourcesFiltering - Copying 0 resource from src\test\resources to target\test-classes
2026-05-10 02:45:13,143 [Burningwave - Resource releaser] INFO  o.b.c.a.StaticComponentContainer - (StaticComponentContainer.java:391) - ... Waiting for all tasks ending
2026-05-10 02:45:13,147 [Burningwave - Resource releaser] INFO  o.b.c.a.StaticComponentContainer - (StaticComponentContainer.java:397) - Closing all component containers
2026-05-10 02:45:13,156 [Burningwave - Resource releaser] INFO  o.b.c.a.StaticComponentContainer - (StaticComponentContainer.java:403) - Closing FileSystemHelper
2026-05-10 02:45:13,160 [Burningwave - Resource releaser] INFO  o.b.c.a.StaticComponentContainer - (StaticComponentContainer.java:409) - ... Waiting for all tasks ending before shutting down the BackgroundExecutor
2026-05-10 02:45:13,162 [Burningwave - Resource releaser] INFO  o.b.c.a.StaticComponentContainer - (StaticComponentContainer.java:414) - Shutting down BackgroundExecutor
2026-05-10 02:45:13,165 [Burningwave - Resource releaser] INFO  o.b.c.a.StaticComponentContainer - (StaticComponentContainer.java:420) - Stopping all threads monitoring thread
2026-05-10 02:45:13,168 [Burningwave - Resource releaser] INFO  o.b.c.a.StaticComponentContainer - (StaticComponentContainer.java:425) - Closing ThreadHolder
2026-05-10 02:45:13,170 [Burningwave - Resource releaser] INFO  o.b.c.a.StaticComponentContainer - (StaticComponentContainer.java:430) - Shutting down ThreadSupplier
